
<repository lastmodified='20150817100408.375' name='Akana PSO API Gateway Extensions for API Hooks 7.2.3'>
  <resource id='com.akana.pso.apihooks.extensions/7.2.3' presentationname='Akana PSO API Gateway Extensions for API Hooks' symbolicname='com.akana.pso.apihooks.extensions' uri='file:com.akana.pso.apihooks.extensions_7.2.3.jar' version='7.2.3'>
    <description>
      Functional extensions to Akana API Gateway to support API Hooks.
       Install this feature in all Akana API Gateway containers.
    </description>
    <size>
      52194
    </size>
    <category id='x-soa-plugin'/>
    <capability name='bundle'>
      <p n='manifestversion' v='2'/>
      <p n='presentationname' v='Akana PSO API Gateway Extensions for API Hooks'/>
      <p n='symbolicname' v='com.akana.pso.apihooks.extensions'/>
      <p n='version' t='version' v='7.2.3'/>
    </capability>
    <capability name='package'>
      <p n='package' v='com.akana.pso.apihook.extensions'/>
      <p n='version' t='version' v='7.2.3'/>
    </capability>
    <capability name='package'>
      <p n='package' v='com.akana.pso.apihook.extensions.policy'/>
      <p n='version' t='version' v='7.2.3'/>
    </capability>
    <capability name='package'>
      <p n='package' v='com.akana.pso.apihook.extensions.policy.model'/>
      <p n='version' t='version' v='7.2.3'/>
    </capability>
    <capability name='package'>
      <p n='package' v='com.akana.pso.apihook.extensions.simple.store'/>
      <p n='version' t='version' v='7.2.3'/>
    </capability>
    <require extend='false' filter='(&amp;(symbolicname=com.soa.client.uddi)(version&gt;=7.2.0))' multiple='false' name='bundle' optional='false'>
      Require Bundle com.soa.client.uddi; 7.2.0
    </require>
    <require extend='false' filter='(&amp;(package=com.digev.dems.common)(version&gt;=7.2.0))' multiple='false' name='package' optional='false'>
      Import package com.digev.dems.common ;version=7.2.0
    </require>
    <require extend='false' filter='(&amp;(package=com.digev.dems.common.security.util)(version&gt;=7.2.0))' multiple='false' name='package' optional='false'>
      Import package com.digev.dems.common.security.util ;version=7.2.0
    </require>
    <require extend='false' filter='(&amp;(package=com.digev.fw.exception)(version&gt;=7.2.0))' multiple='false' name='package' optional='false'>
      Import package com.digev.fw.exception ;version=7.2.0
    </require>
    <require extend='false' filter='(&amp;(package=com.digev.fw.log)(version&gt;=7.2.0))' multiple='false' name='package' optional='false'>
      Import package com.digev.fw.log ;version=7.2.0
    </require>
    <require extend='false' filter='(&amp;(package=com.soa.admin.service.tasks)(version&gt;=7.2.0))' multiple='false' name='package' optional='false'>
      Import package com.soa.admin.service.tasks ;version=7.2.0
    </require>
    <require extend='false' filter='(&amp;(package=com.soa.container.metadata.capability)(version&gt;=7.2.0))' multiple='false' name='package' optional='false'>
      Import package com.soa.container.metadata.capability ;version=7.2.0
    </require>
    <require extend='false' filter='(&amp;(package=com.soa.container.metadata.capability.spring)(version&gt;=7.2.0))' multiple='false' name='package' optional='false'>
      Import package com.soa.container.metadata.capability.spring
       ;version=7.2.0
    </require>
    <require extend='false' filter='(&amp;(package=com.soa.fw.cache)(version&gt;=7.2.0))' multiple='false' name='package' optional='false'>
      Import package com.soa.fw.cache ;version=7.2.0
    </require>
    <require extend='false' filter='(&amp;(package=com.soa.fw.util)(version&gt;=7.2.0))' multiple='false' name='package' optional='false'>
      Import package com.soa.fw.util ;version=7.2.0
    </require>
    <require extend='false' filter='(&amp;(package=com.soa.grid.cache)(version&gt;=7.2.0))' multiple='false' name='package' optional='false'>
      Import package com.soa.grid.cache ;version=7.2.0
    </require>
    <require extend='false' filter='(&amp;(package=com.soa.grid.cache.beans)(version&gt;=7.2.0))' multiple='false' name='package' optional='false'>
      Import package com.soa.grid.cache.beans ;version=7.2.0
    </require>
    <require extend='false' filter='(&amp;(package=com.soa.message)(version&gt;=7.2.0))' multiple='false' name='package' optional='false'>
      Import package com.soa.message ;version=7.2.0
    </require>
    <require extend='false' filter='(&amp;(package=com.soa.message.handler)(version&gt;=7.2.0))' multiple='false' name='package' optional='false'>
      Import package com.soa.message.handler ;version=7.2.0
    </require>
    <require extend='false' filter='(&amp;(package=com.soa.policy)(version&gt;=7.2.0))' multiple='false' name='package' optional='false'>
      Import package com.soa.policy ;version=7.2.0
    </require>
    <require extend='false' filter='(&amp;(package=com.soa.policy.template)(version&gt;=7.2.0))' multiple='false' name='package' optional='false'>
      Import package com.soa.policy.template ;version=7.2.0
    </require>
    <require extend='false' filter='(&amp;(package=com.soa.policy.wspolicy)(version&gt;=7.2.0))' multiple='false' name='package' optional='false'>
      Import package com.soa.policy.wspolicy ;version=7.2.0
    </require>
    <require extend='false' filter='(&amp;(package=com.soa.policy.wspolicy.handler)(version&gt;=7.2.0))' multiple='false' name='package' optional='false'>
      Import package com.soa.policy.wspolicy.handler ;version=7.2.0
    </require>
    <require extend='false' filter='(&amp;(package=com.soa.policy.wspolicy.handler.ext)(version&gt;=7.2.0))' multiple='false' name='package' optional='false'>
      Import package com.soa.policy.wspolicy.handler.ext ;version=7.2.0
    </require>
    <require extend='false' filter='(&amp;(package=com.soa.policy.wspolicy.util)(version&gt;=7.2.0))' multiple='false' name='package' optional='false'>
      Import package com.soa.policy.wspolicy.util ;version=7.2.0
    </require>
    <require extend='false' filter='(&amp;(package=com.soa.security)(version&gt;=7.2.0))' multiple='false' name='package' optional='false'>
      Import package com.soa.security ;version=7.2.0
    </require>
    <require extend='false' filter='(&amp;(package=com.soa.security.util)(version&gt;=7.2.0))' multiple='false' name='package' optional='false'>
      Import package com.soa.security.util ;version=7.2.0
    </require>
    <require extend='false' filter='(&amp;(package=com.soa.uddi)(version&gt;=7.2.2))' multiple='false' name='package' optional='false'>
      Import package com.soa.uddi ;version=7.2.2
    </require>
    <require extend='false' filter='(&amp;(package=com.soa.uddi.v3.model)(version&gt;=7.2.0))' multiple='false' name='package' optional='false'>
      Import package com.soa.uddi.v3.model ;version=7.2.0
    </require>
    <require extend='false' filter='(&amp;(package=com.soa.uddi.v3.wsdl)(version&gt;=7.2.0))' multiple='false' name='package' optional='false'>
      Import package com.soa.uddi.v3.wsdl ;version=7.2.0
    </require>
    <require extend='false' filter='(&amp;(package=com.soa.wsdl)(version&gt;=7.2.0))' multiple='false' name='package' optional='false'>
      Import package com.soa.wsdl ;version=7.2.0
    </require>
    <require extend='false' filter='(&amp;(package=javax.security.auth)(version&gt;=0.0.0))' multiple='false' name='package' optional='false'>
      Import package javax.security.auth
    </require>
    <require extend='false' filter='(&amp;(package=javax.wsdl)(version&gt;=0.0.0))' multiple='false' name='package' optional='false'>
      Import package javax.wsdl
    </require>
    <require extend='false' filter='(&amp;(package=javax.xml.bind)(version&gt;=2.1.7))' multiple='false' name='package' optional='false'>
      Import package javax.xml.bind ;version=2.1.7
    </require>
    <require extend='false' filter='(&amp;(package=javax.xml.bind.annotation)(version&gt;=2.1.7))' multiple='false' name='package' optional='false'>
      Import package javax.xml.bind.annotation ;version=2.1.7
    </require>
    <require extend='false' filter='(&amp;(package=javax.xml.bind.annotation.adapters)(version&gt;=2.1.7))' multiple='false' name='package' optional='false'>
      Import package javax.xml.bind.annotation.adapters ;version=2.1.7
    </require>
    <require extend='false' filter='(&amp;(package=javax.xml.bind.helpers)(version&gt;=2.1.7))' multiple='false' name='package' optional='false'>
      Import package javax.xml.bind.helpers ;version=2.1.7
    </require>
    <require extend='false' filter='(&amp;(package=javax.xml.namespace)(version&gt;=0.0.0))' multiple='false' name='package' optional='false'>
      Import package javax.xml.namespace
    </require>
    <require extend='false' filter='(&amp;(package=net.sf.ehcache)(version&gt;=0.0.0))' multiple='false' name='package' optional='false'>
      Import package net.sf.ehcache
    </require>
    <require extend='false' filter='(&amp;(package=net.sf.ehcache.config)(version&gt;=0.0.0))' multiple='false' name='package' optional='false'>
      Import package net.sf.ehcache.config
    </require>
    <require extend='false' filter='(&amp;(package=org.codehaus.jackson)(version&gt;=0.0.0))' multiple='false' name='package' optional='false'>
      Import package org.codehaus.jackson
    </require>
    <require extend='false' filter='(&amp;(package=org.eclipse.gemini.blueprint.context)(version&gt;=0.0.0))' multiple='false' name='package' optional='false'>
      Import package org.eclipse.gemini.blueprint.context
    </require>
    <require extend='false' filter='(&amp;(package=org.osgi.framework)(version&gt;=0.0.0))' multiple='false' name='package' optional='false'>
      Import package org.osgi.framework
    </require>
    <require extend='false' filter='(&amp;(package=org.slf4j)(version&gt;=0.0.0))' multiple='false' name='package' optional='false'>
      Import package org.slf4j
    </require>
    <require extend='false' filter='(&amp;(package=org.springframework.beans.factory)(version&gt;=0.0.0))' multiple='false' name='package' optional='false'>
      Import package org.springframework.beans.factory
    </require>
    <require extend='false' filter='(&amp;(package=org.springframework.context)(version&gt;=0.0.0))' multiple='false' name='package' optional='false'>
      Import package org.springframework.context
    </require>
    <require extend='false' filter='(&amp;(package=org.springframework.context.support)(version&gt;=0.0.0))' multiple='false' name='package' optional='false'>
      Import package org.springframework.context.support
    </require>
    <require extend='false' filter='(&amp;(package=org.w3c.dom)(version&gt;=0.0.0))' multiple='false' name='package' optional='false'>
      Import package org.w3c.dom
    </require>
    <require extend='false' filter='(&amp;(package=org.xml.sax)(version&gt;=0.0.0))' multiple='false' name='package' optional='false'>
      Import package org.xml.sax
    </require>
  </resource>
  <resource id='com.akana.pso.simplethings/7.2.2' presentationname='Akana PSO Simple Things API' symbolicname='com.akana.pso.simplethings' uri='file:com.akana.pso.simplethings_7.2.2.jar' version='7.2.2'>
    <description>
      Akana PSO API added to Policy Manager Services containers to
       provide a simple, general-purpose data storage feature.
    </description>
    <size>
      30157
    </size>
    <category id='x-soa-plugin'/>
    <capability name='bundle'>
      <p n='manifestversion' v='2'/>
      <p n='presentationname' v='Akana PSO Simple Things API'/>
      <p n='symbolicname' v='com.akana.pso.simplethings'/>
      <p n='version' t='version' v='7.2.2'/>
    </capability>
    <capability name='package'>
      <p n='package' v='com.akana.pso.simplethings'/>
      <p n='version' t='version' v='7.2.2'/>
    </capability>
    <require extend='false' filter='(&amp;(package=com.digev.fw.exception)(version&gt;=7.2.0))' multiple='false' name='package' optional='false'>
      Import package com.digev.fw.exception ;version=7.2.0
    </require>
    <require extend='false' filter='(&amp;(package=com.digev.fw.log)(version&gt;=7.2.0))' multiple='false' name='package' optional='false'>
      Import package com.digev.fw.log ;version=7.2.0
    </require>
    <require extend='false' filter='(&amp;(package=com.soa.admin.service.tasks)(version&gt;=7.2.0))' multiple='false' name='package' optional='false'>
      Import package com.soa.admin.service.tasks ;version=7.2.0
    </require>
    <require extend='false' filter='(&amp;(package=com.soa.jaxrs.annotations)(version&gt;=7.2.0))' multiple='false' name='package' optional='false'>
      Import package com.soa.jaxrs.annotations ;version=7.2.0
    </require>
    <require extend='false' filter='(&amp;(package=com.soa.metadata.model)(version&gt;=7.2.0))' multiple='false' name='package' optional='false'>
      Import package com.soa.metadata.model ;version=7.2.0
    </require>
    <require extend='false' filter='(&amp;(package=com.soa.metadata.model.db)(version&gt;=7.2.0))' multiple='false' name='package' optional='false'>
      Import package com.soa.metadata.model.db ;version=7.2.0
    </require>
    <require extend='false' filter='(&amp;(package=com.soa.metadata.model.rest)(version&gt;=7.2.0))' multiple='false' name='package' optional='false'>
      Import package com.soa.metadata.model.rest ;version=7.2.0
    </require>
    <require extend='false' filter='(&amp;(package=com.soa.metadata.services)(version&gt;=7.2.0))' multiple='false' name='package' optional='false'>
      Import package com.soa.metadata.services ;version=7.2.0
    </require>
    <require extend='false' filter='(&amp;(package=com.soa.metadata.services.container)(version&gt;=7.2.0))' multiple='false' name='package' optional='false'>
      Import package com.soa.metadata.services.container ;version=7.2.0
    </require>
    <require extend='false' filter='(&amp;(package=com.soa.metadata.services.resource)(version&gt;=7.2.0))' multiple='false' name='package' optional='false'>
      Import package com.soa.metadata.services.resource ;version=7.2.0
    </require>
    <require extend='false' filter='(&amp;(package=com.soa.metadata.services.version)(version&gt;=7.2.0))' multiple='false' name='package' optional='false'>
      Import package com.soa.metadata.services.version ;version=7.2.0
    </require>
    <require extend='false' filter='(&amp;(package=com.soa.model)(version&gt;=7.2.0))' multiple='false' name='package' optional='false'>
      Import package com.soa.model ;version=7.2.0
    </require>
    <require extend='false' filter='(&amp;(package=com.soa.uddi)(version&gt;=7.2.0))' multiple='false' name='package' optional='false'>
      Import package com.soa.uddi ;version=7.2.0
    </require>
    <require extend='false' filter='(&amp;(package=com.soa.xss.handler.annotation.impl)(version&gt;=7.2.0))' multiple='false' name='package' optional='false'>
      Import package com.soa.xss.handler.annotation.impl ;version=7.2.0
    </require>
    <require extend='false' filter='(&amp;(package=com.soa.xss.handler.aop)(version&gt;=7.2.0))' multiple='false' name='package' optional='false'>
      Import package com.soa.xss.handler.aop ;version=7.2.0
    </require>
    <require extend='false' filter='(&amp;(package=javax.ws.rs)(version&gt;=0.0.0))' multiple='false' name='package' optional='false'>
      Import package javax.ws.rs
    </require>
    <require extend='false' filter='(&amp;(package=javax.ws.rs.core)(version&gt;=0.0.0))' multiple='false' name='package' optional='false'>
      Import package javax.ws.rs.core
    </require>
    <require extend='false' filter='(&amp;(package=javax.xml.datatype)(version&gt;=0.0.0))' multiple='false' name='package' optional='false'>
      Import package javax.xml.datatype
    </require>
    <require extend='false' filter='(&amp;(package=org.aopalliance.aop)(version&gt;=0.0.0))' multiple='false' name='package' optional='false'>
      Import package org.aopalliance.aop
    </require>
    <require extend='false' filter='(&amp;(package=org.codehaus.jackson)(version&gt;=0.0.0))' multiple='false' name='package' optional='false'>
      Import package org.codehaus.jackson
    </require>
    <require extend='false' filter='(&amp;(package=org.codehaus.jackson.map)(version&gt;=0.0.0))' multiple='false' name='package' optional='false'>
      Import package org.codehaus.jackson.map
    </require>
    <require extend='false' filter='(&amp;(package=org.codehaus.jackson.node)(version&gt;=0.0.0))' multiple='false' name='package' optional='false'>
      Import package org.codehaus.jackson.node
    </require>
    <require extend='false' filter='(&amp;(package=org.eclipse.gemini.blueprint.context)(version&gt;=0.0.0))' multiple='false' name='package' optional='false'>
      Import package org.eclipse.gemini.blueprint.context
    </require>
    <require extend='false' filter='(&amp;(package=org.osgi.framework)(version&gt;=0.0.0))' multiple='false' name='package' optional='false'>
      Import package org.osgi.framework
    </require>
    <require extend='false' filter='(&amp;(package=org.springframework.aop)(version&gt;=0.0.0))' multiple='false' name='package' optional='false'>
      Import package org.springframework.aop
    </require>
    <require extend='false' filter='(&amp;(package=org.springframework.aop.framework)(version&gt;=0.0.0))' multiple='false' name='package' optional='false'>
      Import package org.springframework.aop.framework
    </require>
    <require extend='false' filter='(&amp;(package=org.springframework.aop.framework.autoproxy)(version&gt;=0.0.0))' multiple='false' name='package' optional='false'>
      Import package org.springframework.aop.framework.autoproxy
    </require>
    <require extend='false' filter='(&amp;(package=org.springframework.transaction)(version&gt;=0.0.0))' multiple='false' name='package' optional='false'>
      Import package org.springframework.transaction
    </require>
    <require extend='false' filter='(&amp;(package=org.springframework.transaction.interceptor)(version&gt;=0.0.0))' multiple='false' name='package' optional='false'>
      Import package org.springframework.transaction.interceptor
    </require>
  </resource>
</repository>