<?xml version="1.0" encoding="UTF-8"?>
<ns8:ExportConfiguration xmlns:ns1="http://digev.com/uri/products/Types/xsd/1.0" xmlns:ns10="http://digev.com/uri/products/ManagementServer/xsd/1.0" xmlns:ns11="http://soa.com/uri/products/ServiceProperties/1.0" xmlns:ns12="http://soa.com/uri/products/ServiceEndpointProperties/1.0" xmlns:ns13="http://digev.com/uri/products/AlertManager/xsd/1.0" xmlns:ns14="http://soa.com/uri/products/Contracts/xsd/1.0" xmlns:ns15="http://digev.com/uri/products/PolicyManager/xsd/1.0" xmlns:ns2="http://soa.com/uri/products/Organization/xsd/1.0" xmlns:ns3="http://www.soa.com/uri/products/SLAPolicy/xsd/1.0" xmlns:ns4="urn:uddi-org:api_v3" xmlns:ns5="http://www.w3.org/2000/09/xmldsig#" xmlns:ns6="http://soa.com/uri/products/IdentityAuthorization/xsd/1.0" xmlns:ns7="urn:uddi-org:sub_v3" xmlns:ns8="http://www.soa.com/uri/products/ServiceManagerMigration/xsd/1.0" xmlns:ns9="http://soa.com/uri/products/Policy/xsd/1.0"><ns8:SourceOrganization><ns1:Key>uddi:soa.com:registryorganization</ns1:Key></ns8:SourceOrganization><ns8:ExportObjectConfiguration><ns1:OrganizationKey><ns1:Key>uddi:akana.com:api.hooks:aris</ns1:Key></ns1:OrganizationKey><ns8:ExportOrganization><ns2:Organization><ns2:OrganizationKey><ns1:Key>uddi:akana.com:api.hooks:aris</ns1:Key></ns2:OrganizationKey><ns2:ParentKey><ns1:Key>uddi:soa.com:registryorganization</ns1:Key></ns2:ParentKey><ns2:Name>Aria Hooks</ns2:Name><ns2:Description></ns2:Description><ns2:OrganizationType>Project</ns2:OrganizationType></ns2:Organization><ns4:businessEntity businessKey="uddi:akana.com:api.hooks:aris"><ns4:name>Aria Hooks</ns4:name><ns4:categoryBag><ns4:keyedReferenceGroup tModelKey="uddi:soa.com:organization:group"><ns4:keyedReference keyName="Organization type" keyValue="Project" tModelKey="uddi:soa.com:categorization:organizationtype"/></ns4:keyedReferenceGroup></ns4:categoryBag></ns4:businessEntity></ns8:ExportOrganization></ns8:ExportObjectConfiguration><ns8:ExportObjectConfiguration><ns1:ScriptKey><ns1:Key>script:9cba5386-1611-11e5-89c0-ceb227c9b263</ns1:Key></ns1:ScriptKey><ns8:ExportScript><ns8:ScriptUri>scripts/script_9cba5386-1611-11e5-89c0-ceb227c9b263.xml</ns8:ScriptUri><ns8:Name>Aria-WF-ApiContract</ns8:Name><ns8:Description>Script functions calledfrom CM ApiContract workflow</ns8:Description><ns8:ScriptKey>script:9cba5386-1611-11e5-89c0-ceb227c9b263</ns8:ScriptKey><ns8:OrganizationKey>uddi:akana.com:api.hooks:aris</ns8:OrganizationKey><ns8:Type>js</ns8:Type></ns8:ExportScript></ns8:ExportObjectConfiguration><ns8:ExportObjectConfiguration><ns1:ScriptKey><ns1:Key>script:6181587a-1611-11e5-89c0-ceb227c9b263</ns1:Key></ns1:ScriptKey><ns8:ExportScript><ns8:ScriptUri>scripts/script_6181587a-1611-11e5-89c0-ceb227c9b263.xml</ns8:ScriptUri><ns8:Name>Aria-Library</ns8:Name><ns8:Description>Combine all of the supporting scripts together</ns8:Description><ns8:ScriptKey>script:6181587a-1611-11e5-89c0-ceb227c9b263</ns8:ScriptKey><ns8:OrganizationKey>uddi:akana.com:api.hooks:aris</ns8:OrganizationKey><ns8:Type>js</ns8:Type></ns8:ExportScript></ns8:ExportObjectConfiguration><ns8:ExportObjectConfiguration><ns1:ScriptKey><ns1:Key>script:ec031c38-1611-11e5-89c0-ceb227c9b263</ns1:Key></ns1:ScriptKey><ns8:ExportScript><ns8:ScriptUri>scripts/script_ec031c38-1611-11e5-89c0-ceb227c9b263.xml</ns8:ScriptUri><ns8:Name>Aria-WF-AppVersion</ns8:Name><ns8:Description>functions called from CM Application Version workflow</ns8:Description><ns8:ScriptKey>script:ec031c38-1611-11e5-89c0-ceb227c9b263</ns8:ScriptKey><ns8:OrganizationKey>uddi:akana.com:api.hooks:aris</ns8:OrganizationKey><ns8:Type>js</ns8:Type></ns8:ExportScript></ns8:ExportObjectConfiguration><ns8:ExportObjectConfiguration><ns1:ScriptKey><ns1:Key>script:59f38f44-1610-11e5-89c0-ceb227c9b263</ns1:Key></ns1:ScriptKey><ns8:ExportScript><ns8:ScriptUri>scripts/script_59f38f44-1610-11e5-89c0-ceb227c9b263.xml</ns8:ScriptUri><ns8:Name>Aria-API</ns8:Name><ns8:Description>functions to invoke the Aria API</ns8:Description><ns8:ScriptKey>script:59f38f44-1610-11e5-89c0-ceb227c9b263</ns8:ScriptKey><ns8:OrganizationKey>uddi:akana.com:api.hooks:aris</ns8:OrganizationKey><ns8:Type>js</ns8:Type></ns8:ExportScript></ns8:ExportObjectConfiguration><ns8:ExportObjectConfiguration><ns1:ScriptKey><ns1:Key>script:8a959430-1491-11e5-b1aa-d4eaadcbceba</ns1:Key></ns1:ScriptKey><ns8:ExportScript><ns8:ScriptUri>scripts/script_8a959430-1491-11e5-b1aa-d4eaadcbceba.xml</ns8:ScriptUri><ns8:Name>Aria-Things</ns8:Name><ns8:Description></ns8:Description><ns8:ScriptKey>script:8a959430-1491-11e5-b1aa-d4eaadcbceba</ns8:ScriptKey><ns8:OrganizationKey>uddi:akana.com:api.hooks:aris</ns8:OrganizationKey><ns8:Type>js</ns8:Type></ns8:ExportScript></ns8:ExportObjectConfiguration><ns8:ExportObjectConfiguration><ns1:ScriptKey><ns1:Key>script:2c632c88-1611-11e5-89c0-ceb227c9b263</ns1:Key></ns1:ScriptKey><ns8:ExportScript><ns8:ScriptUri>scripts/script_2c632c88-1611-11e5-89c0-ceb227c9b263.xml</ns8:ScriptUri><ns8:Name>Aria-Utils</ns8:Name><ns8:Description>Utilities to manipulate parts of HTTP requests</ns8:Description><ns8:ScriptKey>script:2c632c88-1611-11e5-89c0-ceb227c9b263</ns8:ScriptKey><ns8:OrganizationKey>uddi:akana.com:api.hooks:aris</ns8:OrganizationKey><ns8:Type>js</ns8:Type></ns8:ExportScript></ns8:ExportObjectConfiguration><ns8:ExportObjectConfiguration><ns1:ScriptKey><ns1:Key>script:3c8cebb8-0ed1-11e5-a01b-b2852ba7fdaf</ns1:Key></ns1:ScriptKey><ns8:ExportScript><ns8:ScriptUri>scripts/script_3c8cebb8-0ed1-11e5-a01b-b2852ba7fdaf.xml</ns8:ScriptUri><ns8:Name>Aria-CM</ns8:Name><ns8:Description>Functions to access Community Manager APIs</ns8:Description><ns8:ScriptKey>script:3c8cebb8-0ed1-11e5-a01b-b2852ba7fdaf</ns8:ScriptKey><ns8:OrganizationKey>uddi:akana.com:api.hooks:aris</ns8:OrganizationKey><ns8:Type>js</ns8:Type></ns8:ExportScript></ns8:ExportObjectConfiguration><ns8:ExportObjectConfiguration><ns1:ScriptKey><ns1:Key>script:18ec12fc-45e5-11e5-aac5-91aa4518142f</ns1:Key></ns1:ScriptKey><ns8:ExportScript><ns8:ScriptUri>scripts/script_18ec12fc-45e5-11e5-aac5-91aa4518142f.xml</ns8:ScriptUri><ns8:Name>Aria-ApiVersion</ns8:Name><ns8:Description>Functions to manage the Aria Services created for API Versions</ns8:Description><ns8:ScriptKey>script:18ec12fc-45e5-11e5-aac5-91aa4518142f</ns8:ScriptKey><ns8:OrganizationKey>uddi:akana.com:api.hooks:aris</ns8:OrganizationKey><ns8:Type>js</ns8:Type></ns8:ExportScript></ns8:ExportObjectConfiguration><ns8:ExportObjectConfiguration><ns1:ScriptKey><ns1:Key>script:f620cae6-1610-11e5-89c0-ceb227c9b263</ns1:Key></ns1:ScriptKey><ns8:ExportScript><ns8:ScriptUri>scripts/script_f620cae6-1610-11e5-89c0-ceb227c9b263.xml</ns8:ScriptUri><ns8:Name>Aria-Lib</ns8:Name><ns8:Description>Functions used by the workflow functions.. access information stored in Things, etc.</ns8:Description><ns8:ScriptKey>script:f620cae6-1610-11e5-89c0-ceb227c9b263</ns8:ScriptKey><ns8:OrganizationKey>uddi:akana.com:api.hooks:aris</ns8:OrganizationKey><ns8:Type>js</ns8:Type></ns8:ExportScript></ns8:ExportObjectConfiguration><ns8:ExportObjectConfiguration><ns1:ScriptKey><ns1:Key>script:fde9eaac-0ed0-11e5-a01b-b2852ba7fdaf</ns1:Key></ns1:ScriptKey><ns8:ExportScript><ns8:ScriptUri>scripts/script_fde9eaac-0ed0-11e5-a01b-b2852ba7fdaf.xml</ns8:ScriptUri><ns8:Name>Aria-Base</ns8:Name><ns8:Description>Constants and common functions in Aria integration</ns8:Description><ns8:ScriptKey>script:fde9eaac-0ed0-11e5-a01b-b2852ba7fdaf</ns8:ScriptKey><ns8:OrganizationKey>uddi:akana.com:api.hooks:aris</ns8:OrganizationKey><ns8:Type>js</ns8:Type></ns8:ExportScript></ns8:ExportObjectConfiguration><ns8:ExportObjectConfiguration><ns1:BpelKey><ns1:Key>bpel:ed71705f-480c-11e5-9cd7-f31b398844b2</ns1:Key></ns1:BpelKey><ns8:ExportBpel><ns8:BpelUri>bpels/bpel_ed71705f-480c-11e5-9cd7-f31b398844b2.xml</ns8:BpelUri></ns8:ExportBpel></ns8:ExportObjectConfiguration><ns8:ExportObjectConfiguration><ns1:BpelKey><ns1:Key>bpel:e259dc46-480e-11e5-9cd7-f31b398844b2</ns1:Key></ns1:BpelKey><ns8:ExportBpel><ns8:BpelUri>bpels/bpel_e259dc46-480e-11e5-9cd7-f31b398844b2.xml</ns8:BpelUri></ns8:ExportBpel></ns8:ExportObjectConfiguration><ns8:ExportObjectConfiguration><ns1:InterfaceKey><ns1:Key>uddi:4a23cf02-c309-1b62-aadb-47b8aacda612</ns1:Key><ns1:InterfaceQName>{https://admintools.current.stage.ariasystems.net/index.php/Dispatcher/index}Aria_AdminTool_API_PortType</ns1:InterfaceQName></ns1:InterfaceKey><ns8:ExportInterface><ns4:tModel deleted="false" tModelKey="uddi:4a23cf02-c309-1b62-aadb-47b8aacda612"><ns4:name>Aria_AdminTool_API_PortType</ns4:name><ns4:categoryBag><ns4:keyedReference keyName="WSDL type" keyValue="portType" tModelKey="uddi:uddi.org:wsdl:types"/><ns4:keyedReference keyName="portType namespace" keyValue="https://admintools.current.stage.ariasystems.net/index.php/Dispatcher/index" tModelKey="uddi:uddi.org:xml:namespace"/></ns4:categoryBag></ns4:tModel><ns8:InterfaceWsdlUri>wsdls/uddi_4a23cf02-c309-1b62-aadb-47b8aacda612.wsdl</ns8:InterfaceWsdlUri></ns8:ExportInterface></ns8:ExportObjectConfiguration><ns8:ExportObjectConfiguration><ns1:InterfaceKey><ns1:Key>uddi:a3e21ee5-dab7-c4d5-d1a0-a8d39ce33595</ns1:Key><ns1:InterfaceQName>{https://secure.current.stage.ariasystems.net/api/AriaQuery/objects.php}Aria_Object_Query_API_PortType</ns1:InterfaceQName></ns1:InterfaceKey><ns8:ExportInterface><ns4:tModel deleted="false" tModelKey="uddi:a3e21ee5-dab7-c4d5-d1a0-a8d39ce33595"><ns4:name>Aria_Object_Query_API_PortType</ns4:name><ns4:categoryBag><ns4:keyedReference keyName="WSDL type" keyValue="portType" tModelKey="uddi:uddi.org:wsdl:types"/><ns4:keyedReference keyName="portType namespace" keyValue="https://secure.current.stage.ariasystems.net/api/AriaQuery/objects.php" tModelKey="uddi:uddi.org:xml:namespace"/></ns4:categoryBag></ns4:tModel><ns8:InterfaceWsdlUri>wsdls/uddi_a3e21ee5-dab7-c4d5-d1a0-a8d39ce33595.wsdl</ns8:InterfaceWsdlUri></ns8:ExportInterface></ns8:ExportObjectConfiguration><ns8:ExportObjectConfiguration><ns1:InterfaceKey><ns1:Key>uddi:b4ce883d-1e75-8d26-1e36-cda2456b25af</ns1:Key><ns1:InterfaceQName>{https://secure.current.stage.ariasystems.net/api/ws/api_ws_class_dispatcher.php}Aria_Billing_API_PortType</ns1:InterfaceQName></ns1:InterfaceKey><ns8:ExportInterface><ns4:tModel deleted="false" tModelKey="uddi:b4ce883d-1e75-8d26-1e36-cda2456b25af"><ns4:name>Aria_Billing_API_PortType</ns4:name><ns4:categoryBag><ns4:keyedReference keyName="WSDL type" keyValue="portType" tModelKey="uddi:uddi.org:wsdl:types"/><ns4:keyedReference keyName="portType namespace" keyValue="https://secure.current.stage.ariasystems.net/api/ws/api_ws_class_dispatcher.php" tModelKey="uddi:uddi.org:xml:namespace"/></ns4:categoryBag></ns4:tModel><ns8:InterfaceWsdlUri>wsdls/uddi_b4ce883d-1e75-8d26-1e36-cda2456b25af.wsdl</ns8:InterfaceWsdlUri></ns8:ExportInterface></ns8:ExportObjectConfiguration><ns8:ExportObjectConfiguration><ns1:BindingKey><ns1:Key>uddi:d43142bf-44bc-9725-1a71-d7c55d07a4af</ns1:Key><ns1:BindingQName>{https://admintools.current.stage.ariasystems.net/index.php/Dispatcher/index}Aria_AdminTool_API_Binding</ns1:BindingQName><ns1:BindingType>binding.http</ns1:BindingType></ns1:BindingKey><ns8:ExportBinding><ns4:tModel deleted="false" tModelKey="uddi:d43142bf-44bc-9725-1a71-d7c55d07a4af"><ns4:name>Aria_AdminTool_API_Binding</ns4:name><ns4:categoryBag><ns4:keyedReference keyName="uddi-org:types" keyValue="wsdlSpec" tModelKey="uddi:uddi.org:categorization:types"/><ns4:keyedReference keyName="portType Reference" keyValue="uddi:4a23cf02-c309-1b62-aadb-47b8aacda612" tModelKey="uddi:uddi.org:wsdl:porttypereference"/><ns4:keyedReference keyName="WSDL type" keyValue="binding" tModelKey="uddi:uddi.org:wsdl:types"/><ns4:keyedReference keyName="binding namespace" keyValue="https://admintools.current.stage.ariasystems.net/index.php/Dispatcher/index" tModelKey="uddi:uddi.org:xml:namespace"/></ns4:categoryBag></ns4:tModel><ns8:BindingWsdlUri>wsdls/uddi_d43142bf-44bc-9725-1a71-d7c55d07a4af.wsdl</ns8:BindingWsdlUri></ns8:ExportBinding></ns8:ExportObjectConfiguration><ns8:ExportObjectConfiguration><ns1:BindingKey><ns1:Key>uddi:3d78b975-675d-82b4-ed9b-83875dbf59d5</ns1:Key><ns1:BindingQName>{https://secure.current.stage.ariasystems.net/api/AriaQuery/objects.php}Aria_Object_Query_API_Binding</ns1:BindingQName><ns1:BindingType>binding.http</ns1:BindingType></ns1:BindingKey><ns8:ExportBinding><ns4:tModel deleted="false" tModelKey="uddi:3d78b975-675d-82b4-ed9b-83875dbf59d5"><ns4:name>Aria_Object_Query_API_Binding</ns4:name><ns4:categoryBag><ns4:keyedReference keyName="uddi-org:types" keyValue="wsdlSpec" tModelKey="uddi:uddi.org:categorization:types"/><ns4:keyedReference keyName="portType Reference" keyValue="uddi:a3e21ee5-dab7-c4d5-d1a0-a8d39ce33595" tModelKey="uddi:uddi.org:wsdl:porttypereference"/><ns4:keyedReference keyName="WSDL type" keyValue="binding" tModelKey="uddi:uddi.org:wsdl:types"/><ns4:keyedReference keyName="binding namespace" keyValue="https://secure.current.stage.ariasystems.net/api/AriaQuery/objects.php" tModelKey="uddi:uddi.org:xml:namespace"/></ns4:categoryBag></ns4:tModel><ns8:BindingWsdlUri>wsdls/uddi_3d78b975-675d-82b4-ed9b-83875dbf59d5.wsdl</ns8:BindingWsdlUri></ns8:ExportBinding></ns8:ExportObjectConfiguration><ns8:ExportObjectConfiguration><ns1:BindingKey><ns1:Key>uddi:78d8318d-0251-e0d3-4768-310f071256ea</ns1:Key><ns1:BindingQName>{https://secure.current.stage.ariasystems.net/api/ws/api_ws_class_dispatcher.php}Aria_Billing_API_Binding</ns1:BindingQName><ns1:BindingType>binding.http</ns1:BindingType></ns1:BindingKey><ns8:ExportBinding><ns4:tModel deleted="false" tModelKey="uddi:78d8318d-0251-e0d3-4768-310f071256ea"><ns4:name>Aria_Billing_API_Binding</ns4:name><ns4:categoryBag><ns4:keyedReference keyName="uddi-org:types" keyValue="wsdlSpec" tModelKey="uddi:uddi.org:categorization:types"/><ns4:keyedReference keyName="portType Reference" keyValue="uddi:b4ce883d-1e75-8d26-1e36-cda2456b25af" tModelKey="uddi:uddi.org:wsdl:porttypereference"/><ns4:keyedReference keyName="WSDL type" keyValue="binding" tModelKey="uddi:uddi.org:wsdl:types"/><ns4:keyedReference keyName="binding namespace" keyValue="https://secure.current.stage.ariasystems.net/api/ws/api_ws_class_dispatcher.php" tModelKey="uddi:uddi.org:xml:namespace"/></ns4:categoryBag></ns4:tModel><ns8:BindingWsdlUri>wsdls/uddi_78d8318d-0251-e0d3-4768-310f071256ea.wsdl</ns8:BindingWsdlUri></ns8:ExportBinding></ns8:ExportObjectConfiguration><ns8:ExportObjectConfiguration><ns1:ServiceKey><ns1:Key>uddi:akana.com:api.hooks:aria:service:admintools</ns1:Key><ns1:ServiceQName>{urn:client:api:wsdl:document/literal_wrapped:vers:6.33:aria_integration_services_api}Aria_AdminTool_API</ns1:ServiceQName></ns1:ServiceKey><ns8:ExportService><ns10:PhysicalService BusinessKey="uddi:akana.com:api.hooks:aris" Discovered="false" ServiceKey="uddi:akana.com:api.hooks:aria:service:admintools" WsdlServiceLocalName="Aria_AdminTool_API" WsdlTargetNamespaceUrl="urn:client:api:wsdl:document/literal_wrapped:vers:6.33:aria_integration_services_api"><ns10:Name>Aria_AdminTool_API</ns10:Name><ns10:Description></ns10:Description><ns10:Operations><ns10:Operation InterfaceName="{https://admintools.current.stage.ariasystems.net/index.php/Dispatcher/index}Aria_AdminTool_API_PortType" ManagementState="Enabled" NumOfVirtualizedOperations="0" OperationKey="8a47555f-46ba-11e5-924f-b23916dea172" OperationLastUpdatedAt="2015-08-19T21:37:50Z" OperationName="POST /" PolicyAvailable="true" ServiceKey="uddi:akana.com:api.hooks:aria:service:admintools" WsdlOperationName="POST__"/></ns10:Operations></ns10:PhysicalService><ns4:businessService businessKey="uddi:akana.com:api.hooks:aris" serviceKey="uddi:akana.com:api.hooks:aria:service:admintools"><ns4:name>Aria_AdminTool_API</ns4:name><ns4:bindingTemplates><ns4:bindingTemplate bindingKey="uddi:9b5bd3e5-451e-11e5-b925-a08425badcc7" serviceKey="uddi:akana.com:api.hooks:aria:service:admintools"><ns4:accessPoint useType="endPoint">https://admintools.current.stage.ariasystems.net/index.php/Dispatcher/index</ns4:accessPoint><ns4:tModelInstanceDetails><ns4:tModelInstanceInfo tModelKey="uddi:d43142bf-44bc-9725-1a71-d7c55d07a4af"><ns4:description>The wsdl:binding that this wsdl:port implements. The instanceParms specifies the port local name.</ns4:description><ns4:instanceDetails><ns4:instanceParms>Aria_AdminTool_API_port</ns4:instanceParms></ns4:instanceDetails></ns4:tModelInstanceInfo><ns4:tModelInstanceInfo tModelKey="uddi:4a23cf02-c309-1b62-aadb-47b8aacda612"><ns4:description>The wsdl:portType that this wsdl:port implements.</ns4:description></ns4:tModelInstanceInfo></ns4:tModelInstanceDetails><ns4:categoryBag><ns4:keyedReference keyName="WSDL type" keyValue="port" tModelKey="uddi:uddi.org:wsdl:types"/></ns4:categoryBag></ns4:bindingTemplate></ns4:bindingTemplates><ns4:categoryBag><ns4:keyedReference keyName="Staging" keyValue="Staging" tModelKey="uddi:soa.com:servicelifecyclestage"/><ns4:keyedReference keyName="1.0" keyValue="ad5a5432-a775-48ee-9ecb-0d3ad44c71c9" tModelKey="uddi:soa.com:serviceversion"/><ns4:keyedReference keyName="WSDL type" keyValue="service" tModelKey="uddi:uddi.org:wsdl:types"/><ns4:keyedReference keyName="service local name" keyValue="Aria_AdminTool_API" tModelKey="uddi:uddi.org:xml:localname"/><ns4:keyedReference keyName="service namespace" keyValue="urn:client:api:wsdl:document/literal_wrapped:vers:6.33:aria_integration_services_api" tModelKey="uddi:uddi.org:xml:namespace"/><ns4:keyedReferenceGroup tModelKey="uddi:soa.com:service:group"/></ns4:categoryBag></ns4:businessService><ns8:ExportServiceEndpoint><ns12:ServiceEndpoint><ns12:ServiceKey>uddi:akana.com:api.hooks:aria:service:admintools</ns12:ServiceKey><ns12:Name>uddi:9b5bd3e5-451e-11e5-b925-a08425badcc7</ns12:Name><ns12:Url>https://admintools.current.stage.ariasystems.net/index.php/Dispatcher/index</ns12:Url><ns12:BindingQName>{https://admintools.current.stage.ariasystems.net/index.php/Dispatcher/index}Aria_AdminTool_API_Binding</ns12:BindingQName><ns12:PortName>Aria_AdminTool_API_port</ns12:PortName><ns12:Protocol>https</ns12:Protocol></ns12:ServiceEndpoint><ns8:EndpointWsdlUri>wsdls/uddi_9b5bd3e5-451e-11e5-b925-a08425badcc7.wsdl</ns8:EndpointWsdlUri></ns8:ExportServiceEndpoint></ns8:ExportService></ns8:ExportObjectConfiguration><ns8:ExportObjectConfiguration><ns1:ServiceKey><ns1:Key>uddi:e23d7a9e-480e-11e5-9cd7-f31b398844b2</ns1:Key><ns1:ServiceQName>{urn:client:api:wsdl:document/literal_wrapped:vers:6.33:aria_integration_services_api}Aria_BillingComplete_REST_API_vs0</ns1:ServiceQName></ns1:ServiceKey><ns8:ExportService><ns10:VirtualService BusinessKey="uddi:akana.com:api.hooks:aris" ServiceKey="uddi:e23d7a9e-480e-11e5-9cd7-f31b398844b2" WsdlServiceLocalName="Aria_BillingComplete_REST_API_vs0" WsdlTargetNamespaceUrl="urn:client:api:wsdl:document/literal_wrapped:vers:6.33:aria_integration_services_api"><ns10:Name>Aria_BillingComplete_REST_API_vs0</ns10:Name><ns10:Description></ns10:Description><ns10:Operations><ns10:LogicalOperation InterfaceName="{https://secure.current.stage.ariasystems.net/api/ws/api_ws_class_dispatcher.php}Aria_Billing_API_PortType" ManagementState="Enabled" NextHopOperationKey="uddi:akana.com:api.hooks:aria:service:billingcomplete$$${https://secure.current.stage.ariasystems.net/api/ws/api_ws_class_dispatcher.php}Aria_Billing_API_PortType$$$POST__" NextHopOperationName="POST /" NextHopServiceKey="uddi:akana.com:api.hooks:aria:service:billingcomplete" NextHopServiceName="Aria_BillingComplete_REST_API" NumOfVirtualizedOperations="0" OperationKey="e2506662-480e-11e5-9cd7-f31b398844b2" OperationLastUpdatedAt="2015-08-24T20:59:55Z" OperationName="POST /" PolicyAvailable="true" ServiceKey="uddi:e23d7a9e-480e-11e5-9cd7-f31b398844b2" WsdlOperationName="POST__"><ns10:NextHopOperation InterfaceName="{https://secure.current.stage.ariasystems.net/api/ws/api_ws_class_dispatcher.php}Aria_Billing_API_PortType" OperationKey="8a8aed1d-46ba-11e5-924f-b23916dea172" OperationLastUpdatedAt="2015-08-24T20:54:38Z" OperationName="POST /" ServiceKey="uddi:akana.com:api.hooks:aria:service:billingcomplete" ServiceName="Aria_BillingComplete_REST_API" WsdlOperationName="POST__"/></ns10:LogicalOperation></ns10:Operations></ns10:VirtualService><ns4:businessService businessKey="uddi:akana.com:api.hooks:aris" serviceKey="uddi:e23d7a9e-480e-11e5-9cd7-f31b398844b2"><ns4:name>Aria_BillingComplete_REST_API_vs0</ns4:name><ns4:bindingTemplates><ns4:bindingTemplate bindingKey="uddi:1107a876-4aa2-11e5-8201-ca15621d263e" serviceKey="uddi:e23d7a9e-480e-11e5-9cd7-f31b398844b2"><ns4:accessPoint useType="endPoint">http://127.0.0.1:5501/aria/v2</ns4:accessPoint><ns4:tModelInstanceDetails><ns4:tModelInstanceInfo tModelKey="uddi:78d8318d-0251-e0d3-4768-310f071256ea"><ns4:description>The wsdl:binding that this wsdl:port implements. The instanceParms specifies the port local name.</ns4:description><ns4:instanceDetails><ns4:instanceParms>HTTP</ns4:instanceParms></ns4:instanceDetails></ns4:tModelInstanceInfo><ns4:tModelInstanceInfo tModelKey="uddi:b4ce883d-1e75-8d26-1e36-cda2456b25af"><ns4:description>The wsdl:portType that this wsdl:port implements.</ns4:description></ns4:tModelInstanceInfo></ns4:tModelInstanceDetails><ns4:categoryBag><ns4:keyedReference keyName="WSDL type" keyValue="port" tModelKey="uddi:uddi.org:wsdl:types"/><ns4:keyedReferenceGroup tModelKey="uddi:soa.com:serviceendpoint:group"><ns4:keyedReference keyName="containerKey" keyValue="c3bdd061-c729-43eb-895d-e561b4b5" tModelKey="uddi:soa.com:serviceendpoint:containername"/><ns4:keyedReference keyName="listenerName" keyValue="default-http" tModelKey="uddi:soa.com:serviceendpoint:listenername"/></ns4:keyedReferenceGroup></ns4:categoryBag></ns4:bindingTemplate></ns4:bindingTemplates><ns4:categoryBag><ns4:keyedReference keyName="Managed Service" keyValue="Managed Service" tModelKey="uddi:digev.com:categorization:services"/><ns4:keyedReference keyName="Virtual Service" keyValue="Virtual Service" tModelKey="uddi:digev.com:categorization:services"/><ns4:keyedReference keyName="Design" keyValue="Design" tModelKey="uddi:soa.com:servicelifecyclestage"/><ns4:keyedReference keyName="WSDL type" keyValue="service" tModelKey="uddi:uddi.org:wsdl:types"/><ns4:keyedReference keyName="service local name" keyValue="Aria_BillingComplete_REST_API_vs0" tModelKey="uddi:uddi.org:xml:localname"/><ns4:keyedReference keyName="service namespace" keyValue="urn:client:api:wsdl:document/literal_wrapped:vers:6.33:aria_integration_services_api" tModelKey="uddi:uddi.org:xml:namespace"/></ns4:categoryBag></ns4:businessService><ns8:ExportServiceEndpoint><ns12:ServiceEndpoint><ns12:ServiceKey>uddi:e23d7a9e-480e-11e5-9cd7-f31b398844b2</ns12:ServiceKey><ns12:Name>uddi:1107a876-4aa2-11e5-8201-ca15621d263e</ns12:Name><ns12:Url>http://127.0.0.1:5501/aria/v2</ns12:Url><ns12:BindingQName>{https://secure.current.stage.ariasystems.net/api/ws/api_ws_class_dispatcher.php}Aria_Billing_API_Binding</ns12:BindingQName><ns12:PortName>HTTP</ns12:PortName><ns12:Protocol>http</ns12:Protocol><ns12:ContainerKey>c3bdd061-c729-43eb-895d-e561b4b5</ns12:ContainerKey><ns12:ListenerName>default-http</ns12:ListenerName></ns12:ServiceEndpoint><ns8:EndpointWsdlUri>wsdls/uddi_1107a876-4aa2-11e5-8201-ca15621d263e.wsdl</ns8:EndpointWsdlUri></ns8:ExportServiceEndpoint><ns8:BpelUri>services/uddi_e23d7a9e-480e-11e5-9cd7-f31b398844b2/bpel.xml</ns8:BpelUri></ns8:ExportService></ns8:ExportObjectConfiguration><ns8:ExportObjectConfiguration><ns1:ServiceKey><ns1:Key>uddi:akana.com:api.hooks:aria:service:query</ns1:Key><ns1:ServiceQName>{https://secure.current.stage.ariasystems.net/api/AriaQuery/objects.php}Aria_Object_Query_API</ns1:ServiceQName></ns1:ServiceKey><ns8:ExportService><ns10:PhysicalService BusinessKey="uddi:akana.com:api.hooks:aris" Discovered="false" ServiceKey="uddi:akana.com:api.hooks:aria:service:query" WsdlServiceLocalName="Aria_Object_Query_API" WsdlTargetNamespaceUrl="https://secure.current.stage.ariasystems.net/api/AriaQuery/objects.php"><ns10:Name>Aria_Object_Query_API</ns10:Name><ns10:Description></ns10:Description><ns10:Operations><ns10:Operation InterfaceName="{https://secure.current.stage.ariasystems.net/api/AriaQuery/objects.php}Aria_Object_Query_API_PortType" ManagementState="Enabled" NumOfVirtualizedOperations="1" OperationKey="8a64ee86-46ba-11e5-924f-b23916dea172" OperationLastUpdatedAt="2015-08-19T21:37:50Z" OperationName="POST /" PolicyAvailable="true" ServiceKey="uddi:akana.com:api.hooks:aria:service:query" WsdlOperationName="POST__"/></ns10:Operations></ns10:PhysicalService><ns4:businessService businessKey="uddi:akana.com:api.hooks:aris" serviceKey="uddi:akana.com:api.hooks:aria:service:query"><ns4:name>Aria_Object_Query_API</ns4:name><ns4:bindingTemplates><ns4:bindingTemplate bindingKey="uddi:c0226073-4540-11e5-b925-a08425badcc7" serviceKey="uddi:akana.com:api.hooks:aria:service:query"><ns4:accessPoint useType="endPoint">https://secure.current.stage.ariasystems.net/api/AriaQuery/objects.php</ns4:accessPoint><ns4:tModelInstanceDetails><ns4:tModelInstanceInfo tModelKey="uddi:3d78b975-675d-82b4-ed9b-83875dbf59d5"><ns4:description>The wsdl:binding that this wsdl:port implements. The instanceParms specifies the port local name.</ns4:description><ns4:instanceDetails><ns4:instanceParms>Aria_Object_Query_API_port</ns4:instanceParms></ns4:instanceDetails></ns4:tModelInstanceInfo><ns4:tModelInstanceInfo tModelKey="uddi:a3e21ee5-dab7-c4d5-d1a0-a8d39ce33595"><ns4:description>The wsdl:portType that this wsdl:port implements.</ns4:description></ns4:tModelInstanceInfo></ns4:tModelInstanceDetails><ns4:categoryBag><ns4:keyedReference keyName="WSDL type" keyValue="port" tModelKey="uddi:uddi.org:wsdl:types"/></ns4:categoryBag></ns4:bindingTemplate></ns4:bindingTemplates><ns4:categoryBag><ns4:keyedReference keyName="Staging" keyValue="Staging" tModelKey="uddi:soa.com:servicelifecyclestage"/><ns4:keyedReference keyName="1.0" keyValue="70ec17bd-0e25-46c6-a155-9e50cb62cae6" tModelKey="uddi:soa.com:serviceversion"/><ns4:keyedReference keyName="WSDL type" keyValue="service" tModelKey="uddi:uddi.org:wsdl:types"/><ns4:keyedReference keyName="service local name" keyValue="Aria_Object_Query_API" tModelKey="uddi:uddi.org:xml:localname"/><ns4:keyedReference keyName="service namespace" keyValue="https://secure.current.stage.ariasystems.net/api/AriaQuery/objects.php" tModelKey="uddi:uddi.org:xml:namespace"/><ns4:keyedReferenceGroup tModelKey="uddi:soa.com:service:group"/></ns4:categoryBag></ns4:businessService><ns8:ExportServiceEndpoint><ns12:ServiceEndpoint><ns12:ServiceKey>uddi:akana.com:api.hooks:aria:service:query</ns12:ServiceKey><ns12:Name>uddi:c0226073-4540-11e5-b925-a08425badcc7</ns12:Name><ns12:Url>https://secure.current.stage.ariasystems.net/api/AriaQuery/objects.php</ns12:Url><ns12:BindingQName>{https://secure.current.stage.ariasystems.net/api/AriaQuery/objects.php}Aria_Object_Query_API_Binding</ns12:BindingQName><ns12:PortName>Aria_Object_Query_API_port</ns12:PortName><ns12:Protocol>https</ns12:Protocol></ns12:ServiceEndpoint><ns8:EndpointWsdlUri>wsdls/uddi_c0226073-4540-11e5-b925-a08425badcc7.wsdl</ns8:EndpointWsdlUri></ns8:ExportServiceEndpoint></ns8:ExportService></ns8:ExportObjectConfiguration><ns8:ExportObjectConfiguration><ns1:ServiceKey><ns1:Key>uddi:akana.com:api.hooks:aria:service:billingcomplete</ns1:Key><ns1:ServiceQName>{urn:client:api:wsdl:document/literal_wrapped:vers:6.33:aria_integration_services_api}Aria_BillingComplete_REST_API</ns1:ServiceQName></ns1:ServiceKey><ns8:ExportService><ns10:PhysicalService BusinessKey="uddi:akana.com:api.hooks:aris" Discovered="false" ServiceKey="uddi:akana.com:api.hooks:aria:service:billingcomplete" WsdlServiceLocalName="Aria_BillingComplete_REST_API" WsdlTargetNamespaceUrl="urn:client:api:wsdl:document/literal_wrapped:vers:6.33:aria_integration_services_api"><ns10:Name>Aria_BillingComplete_REST_API</ns10:Name><ns10:Description></ns10:Description><ns10:Operations><ns10:Operation InterfaceName="{https://secure.current.stage.ariasystems.net/api/ws/api_ws_class_dispatcher.php}Aria_Billing_API_PortType" ManagementState="Enabled" NumOfVirtualizedOperations="1" OperationKey="8a8aed1d-46ba-11e5-924f-b23916dea172" OperationLastUpdatedAt="2015-08-24T20:54:38Z" OperationName="POST /" PolicyAvailable="true" ServiceKey="uddi:akana.com:api.hooks:aria:service:billingcomplete" WsdlOperationName="POST__"/></ns10:Operations></ns10:PhysicalService><ns4:businessService businessKey="uddi:akana.com:api.hooks:aris" serviceKey="uddi:akana.com:api.hooks:aria:service:billingcomplete"><ns4:name>Aria_BillingComplete_REST_API</ns4:name><ns4:bindingTemplates><ns4:bindingTemplate bindingKey="uddi:4388b402-0e21-11e5-a01b-b2852ba7fdaf" serviceKey="uddi:akana.com:api.hooks:aria:service:billingcomplete"><ns4:accessPoint useType="endPoint">https://secure.current.stage.ariasystems.net/api/ws/api_ws_class_dispatcher.php</ns4:accessPoint><ns4:tModelInstanceDetails><ns4:tModelInstanceInfo tModelKey="uddi:78d8318d-0251-e0d3-4768-310f071256ea"><ns4:description>The wsdl:binding that this wsdl:port implements. The instanceParms specifies the port local name.</ns4:description><ns4:instanceDetails><ns4:instanceParms>Aria_Billing_API_port</ns4:instanceParms></ns4:instanceDetails></ns4:tModelInstanceInfo><ns4:tModelInstanceInfo tModelKey="uddi:b4ce883d-1e75-8d26-1e36-cda2456b25af"><ns4:description>The wsdl:portType that this wsdl:port implements.</ns4:description></ns4:tModelInstanceInfo></ns4:tModelInstanceDetails><ns4:categoryBag><ns4:keyedReference keyName="WSDL type" keyValue="port" tModelKey="uddi:uddi.org:wsdl:types"/></ns4:categoryBag></ns4:bindingTemplate></ns4:bindingTemplates><ns4:categoryBag><ns4:keyedReference keyName="Staging" keyValue="Staging" tModelKey="uddi:soa.com:servicelifecyclestage"/><ns4:keyedReference keyName="1.0" keyValue="a0bc6284-05f3-4d07-bd60-63dc0257519b" tModelKey="uddi:soa.com:serviceversion"/><ns4:keyedReference keyName="WSDL type" keyValue="service" tModelKey="uddi:uddi.org:wsdl:types"/><ns4:keyedReference keyName="service local name" keyValue="Aria_BillingComplete_REST_API" tModelKey="uddi:uddi.org:xml:localname"/><ns4:keyedReference keyName="service namespace" keyValue="urn:client:api:wsdl:document/literal_wrapped:vers:6.33:aria_integration_services_api" tModelKey="uddi:uddi.org:xml:namespace"/><ns4:keyedReferenceGroup tModelKey="uddi:soa.com:service:group"/></ns4:categoryBag></ns4:businessService><ns8:ExportServiceEndpoint><ns12:ServiceEndpoint><ns12:ServiceKey>uddi:akana.com:api.hooks:aria:service:billingcomplete</ns12:ServiceKey><ns12:Name>uddi:4388b402-0e21-11e5-a01b-b2852ba7fdaf</ns12:Name><ns12:Url>https://secure.current.stage.ariasystems.net/api/ws/api_ws_class_dispatcher.php</ns12:Url><ns12:BindingQName>{https://secure.current.stage.ariasystems.net/api/ws/api_ws_class_dispatcher.php}Aria_Billing_API_Binding</ns12:BindingQName><ns12:PortName>Aria_Billing_API_port</ns12:PortName><ns12:Protocol>https</ns12:Protocol></ns12:ServiceEndpoint><ns8:EndpointWsdlUri>wsdls/uddi_4388b402-0e21-11e5-a01b-b2852ba7fdaf.wsdl</ns8:EndpointWsdlUri></ns8:ExportServiceEndpoint></ns8:ExportService></ns8:ExportObjectConfiguration><ns8:ExportObjectConfiguration><ns1:ServiceKey><ns1:Key>uddi:ed4a1237-480c-11e5-9cd7-f31b398844b2</ns1:Key><ns1:ServiceQName>{https://secure.current.stage.ariasystems.net/api/AriaQuery/objects.php}Aria_Object_Query_API_vs0</ns1:ServiceQName></ns1:ServiceKey><ns8:ExportService><ns10:VirtualService BusinessKey="uddi:akana.com:api.hooks:aris" ServiceKey="uddi:ed4a1237-480c-11e5-9cd7-f31b398844b2" WsdlServiceLocalName="Aria_Object_Query_API_vs0" WsdlTargetNamespaceUrl="https://secure.current.stage.ariasystems.net/api/AriaQuery/objects.php"><ns10:Name>Aria_Object_Query_API_vs0</ns10:Name><ns10:Description></ns10:Description><ns10:Operations><ns10:LogicalOperation InterfaceName="{https://secure.current.stage.ariasystems.net/api/AriaQuery/objects.php}Aria_Object_Query_API_PortType" ManagementState="Enabled" NextHopOperationKey="uddi:akana.com:api.hooks:aria:service:query$$${https://secure.current.stage.ariasystems.net/api/AriaQuery/objects.php}Aria_Object_Query_API_PortType$$$POST__" NextHopOperationName="POST /" NextHopServiceKey="uddi:akana.com:api.hooks:aria:service:query" NextHopServiceName="Aria_Object_Query_API" NumOfVirtualizedOperations="0" OperationKey="ed67d36b-480c-11e5-9cd7-f31b398844b2" OperationLastUpdatedAt="2015-08-24T20:44:39Z" OperationName="POST /" PolicyAvailable="true" ServiceKey="uddi:ed4a1237-480c-11e5-9cd7-f31b398844b2" WsdlOperationName="POST__"><ns10:NextHopOperation InterfaceName="{https://secure.current.stage.ariasystems.net/api/AriaQuery/objects.php}Aria_Object_Query_API_PortType" OperationKey="8a64ee86-46ba-11e5-924f-b23916dea172" OperationLastUpdatedAt="2015-08-19T21:37:50Z" OperationName="POST /" ServiceKey="uddi:akana.com:api.hooks:aria:service:query" ServiceName="Aria_Object_Query_API" WsdlOperationName="POST__"/></ns10:LogicalOperation></ns10:Operations></ns10:VirtualService><ns4:businessService businessKey="uddi:akana.com:api.hooks:aris" serviceKey="uddi:ed4a1237-480c-11e5-9cd7-f31b398844b2"><ns4:name>Aria_Object_Query_API_vs0</ns4:name><ns4:bindingTemplates><ns4:bindingTemplate bindingKey="uddi:1fc4b304-4aa2-11e5-8201-ca15621d263e" serviceKey="uddi:ed4a1237-480c-11e5-9cd7-f31b398844b2"><ns4:accessPoint useType="endPoint">http://127.0.0.1:5501/ariaquery/v2</ns4:accessPoint><ns4:tModelInstanceDetails><ns4:tModelInstanceInfo tModelKey="uddi:3d78b975-675d-82b4-ed9b-83875dbf59d5"><ns4:description>The wsdl:binding that this wsdl:port implements. The instanceParms specifies the port local name.</ns4:description><ns4:instanceDetails><ns4:instanceParms>HTTP</ns4:instanceParms></ns4:instanceDetails></ns4:tModelInstanceInfo><ns4:tModelInstanceInfo tModelKey="uddi:a3e21ee5-dab7-c4d5-d1a0-a8d39ce33595"><ns4:description>The wsdl:portType that this wsdl:port implements.</ns4:description></ns4:tModelInstanceInfo></ns4:tModelInstanceDetails><ns4:categoryBag><ns4:keyedReference keyName="WSDL type" keyValue="port" tModelKey="uddi:uddi.org:wsdl:types"/><ns4:keyedReferenceGroup tModelKey="uddi:soa.com:serviceendpoint:group"><ns4:keyedReference keyName="containerKey" keyValue="c3bdd061-c729-43eb-895d-e561b4b5" tModelKey="uddi:soa.com:serviceendpoint:containername"/><ns4:keyedReference keyName="listenerName" keyValue="default-http" tModelKey="uddi:soa.com:serviceendpoint:listenername"/></ns4:keyedReferenceGroup></ns4:categoryBag></ns4:bindingTemplate></ns4:bindingTemplates><ns4:categoryBag><ns4:keyedReference keyName="Managed Service" keyValue="Managed Service" tModelKey="uddi:digev.com:categorization:services"/><ns4:keyedReference keyName="Virtual Service" keyValue="Virtual Service" tModelKey="uddi:digev.com:categorization:services"/><ns4:keyedReference keyName="Design" keyValue="Design" tModelKey="uddi:soa.com:servicelifecyclestage"/><ns4:keyedReference keyName="WSDL type" keyValue="service" tModelKey="uddi:uddi.org:wsdl:types"/><ns4:keyedReference keyName="service local name" keyValue="Aria_Object_Query_API_vs0" tModelKey="uddi:uddi.org:xml:localname"/><ns4:keyedReference keyName="service namespace" keyValue="https://secure.current.stage.ariasystems.net/api/AriaQuery/objects.php" tModelKey="uddi:uddi.org:xml:namespace"/></ns4:categoryBag></ns4:businessService><ns8:ExportServiceEndpoint><ns12:ServiceEndpoint><ns12:ServiceKey>uddi:ed4a1237-480c-11e5-9cd7-f31b398844b2</ns12:ServiceKey><ns12:Name>uddi:1fc4b304-4aa2-11e5-8201-ca15621d263e</ns12:Name><ns12:Url>http://127.0.0.1:5501/ariaquery/v2</ns12:Url><ns12:BindingQName>{https://secure.current.stage.ariasystems.net/api/AriaQuery/objects.php}Aria_Object_Query_API_Binding</ns12:BindingQName><ns12:PortName>HTTP</ns12:PortName><ns12:Protocol>http</ns12:Protocol><ns12:ContainerKey>c3bdd061-c729-43eb-895d-e561b4b5</ns12:ContainerKey><ns12:ListenerName>default-http</ns12:ListenerName></ns12:ServiceEndpoint><ns8:EndpointWsdlUri>wsdls/uddi_1fc4b304-4aa2-11e5-8201-ca15621d263e.wsdl</ns8:EndpointWsdlUri></ns8:ExportServiceEndpoint><ns8:BpelUri>services/uddi_ed4a1237-480c-11e5-9cd7-f31b398844b2/bpel.xml</ns8:BpelUri></ns8:ExportService></ns8:ExportObjectConfiguration><ns8:ExportObjectConfiguration><ns1:ContractKey><ns1:Key>9fa2b667-4812-11e5-9cd7-f31b398844b2</ns1:Key></ns1:ContractKey><ns8:ExportContract><ns14:Contract><ns14:ContractInfo Anonymous="true" Key="9fa2b667-4812-11e5-9cd7-f31b398844b2:1042" Name="AriaOpen" State="Active"><ns14:Description></ns14:Description><ns14:ProviderOrganizationKey>uddi:akana.com:api.hooks:aris</ns14:ProviderOrganizationKey><ns1:EffectiveDateTimes><ns1:StartDateTime><ns1:DateTime>2015-08-21T09:40:00-05:00</ns1:DateTime><ns1:TimezoneName>America/Chicago</ns1:TimezoneName></ns1:StartDateTime><ns1:EndDateTime><ns1:DateTime>2016-08-20T09:40:00-05:00</ns1:DateTime><ns1:TimezoneName>America/Chicago</ns1:TimezoneName></ns1:EndDateTime><ns1:Expire>false</ns1:Expire></ns1:EffectiveDateTimes><ns14:ContractVersionInfo><ns14:LastModifiedTimestamp>2015-08-21-05:00</ns14:LastModifiedTimestamp><ns14:User>Local Domain\admin</ns14:User><ns14:MetadataVersion>1</ns14:MetadataVersion><ns14:ActiveMetadataVersion>1</ns14:ActiveMetadataVersion></ns14:ContractVersionInfo><ns14:ContractType>service.contract</ns14:ContractType></ns14:ContractInfo><ns14:ContractScope><ns1:ServiceKey>uddi:e23d7a9e-480e-11e5-9cd7-f31b398844b2</ns1:ServiceKey></ns14:ContractScope></ns14:Contract></ns8:ExportContract></ns8:ExportObjectConfiguration><ns8:ExportObjectConfiguration><ns1:ContractKey><ns1:Key>8fe3f33d-4812-11e5-9cd7-f31b398844b2</ns1:Key></ns1:ContractKey><ns8:ExportContract><ns14:Contract><ns14:ContractInfo Anonymous="true" Key="8fe3f33d-4812-11e5-9cd7-f31b398844b2:1041" Name="AriaQueryOpen" State="Active"><ns14:Description></ns14:Description><ns14:ProviderOrganizationKey>uddi:akana.com:api.hooks:aris</ns14:ProviderOrganizationKey><ns1:EffectiveDateTimes><ns1:StartDateTime><ns1:DateTime>2015-08-21T09:40:00-05:00</ns1:DateTime><ns1:TimezoneName>America/Chicago</ns1:TimezoneName></ns1:StartDateTime><ns1:EndDateTime><ns1:DateTime>2016-08-20T09:40:00-05:00</ns1:DateTime><ns1:TimezoneName>America/Chicago</ns1:TimezoneName></ns1:EndDateTime><ns1:Expire>false</ns1:Expire></ns1:EffectiveDateTimes><ns14:ContractVersionInfo><ns14:LastModifiedTimestamp>2015-08-21-05:00</ns14:LastModifiedTimestamp><ns14:User>Local Domain\admin</ns14:User><ns14:MetadataVersion>1</ns14:MetadataVersion><ns14:ActiveMetadataVersion>1</ns14:ActiveMetadataVersion></ns14:ContractVersionInfo><ns14:ContractType>service.contract</ns14:ContractType></ns14:ContractInfo><ns14:ContractScope><ns1:ServiceKey>uddi:ed4a1237-480c-11e5-9cd7-f31b398844b2</ns1:ServiceKey></ns14:ContractScope></ns14:Contract></ns8:ExportContract></ns8:ExportObjectConfiguration><ns8:ExportObjectConfiguration><ns1:PolicyKey><ns1:Key>urn:uuid:6750649b-4aa1-11e5-8201-ca15621d263e</ns1:Key></ns1:PolicyKey><ns8:ExportPolicy><ns9:Policy PolicyName="AriaAccountCors"><ns9:PolicyKey>urn:uuid:6750649b-4aa1-11e5-8201-ca15621d263e</ns9:PolicyKey><ns9:OrganizationKey>uddi:akana.com:api.hooks:aris</ns9:OrganizationKey><ns9:PolicyType>Operational Policy</ns9:PolicyType><ns9:PolicySubType>policy.cors</ns9:PolicySubType><ns9:Description>AriaAccountCors</ns9:Description><ns9:ReadOnly>false</ns9:ReadOnly><ns9:LocalPolicy>false</ns9:LocalPolicy><ns9:LastUpdatedTime>2015-08-24T20:49:56Z</ns9:LastUpdatedTime><ns9:PolicyConfigurationAsString><ns9:Contents>&lt;![CDATA[&lt;?xml version="1.0" encoding="UTF-8"?&gt;
&lt;wsp:Policy visibility="public" xmlns:wsp="http://schemas.xmlsoap.org/ws/2004/09/policy"&gt;&lt;ns2:CORS xmlns:ns2="http://federatedgovernance.org/policy/cors"&gt;&lt;wsp:Policy visibility="public" xmlns:wsp="http://schemas.xmlsoap.org/ws/2004/09/policy"&gt;&lt;ns2:AllowHeaders&gt;&lt;ns2:Header&gt;X-Csrf-Token_heritage&lt;/ns2:Header&gt;&lt;/ns2:AllowHeaders&gt;&lt;ns2:AllowOrigins&gt;&lt;ns2:Origin&gt;*&lt;/ns2:Origin&gt;&lt;/ns2:AllowOrigins&gt;&lt;ns2:ExposeHeaders&gt;&lt;ns2:Header&gt;Access-Control-Allow-Origin&lt;/ns2:Header&gt;&lt;/ns2:ExposeHeaders&gt;&lt;ns2:MaxAge duration="0"/&gt;&lt;/wsp:Policy&gt;&lt;/ns2:CORS&gt;&lt;/wsp:Policy&gt;]]&gt;</ns9:Contents></ns9:PolicyConfigurationAsString></ns9:Policy></ns8:ExportPolicy></ns8:ExportObjectConfiguration><ns8:ExportObjectConfiguration><ns1:IdentityKey><ns1:Key>Local Domain\16SfbD1i2O+TDYD91EDUXA==</ns1:Key><ns1:DomainName>Local Domain</ns1:DomainName><ns1:UserName>16SfbD1i2O+TDYD91EDUXA==</ns1:UserName></ns1:IdentityKey><ns8:ExportUserIdentity><ns15:User DomainName="Local Domain" UserName="16SfbD1i2O+TDYD91EDUXA=="><ns15:FullName>Service: uddi:akana.com:api.hooks:aria:service:admintools</ns15:FullName><ns15:IdentityKey>urn:uuid:8a33cd5c-46ba-11e5-924f-b23916dea172</ns15:IdentityKey><ns15:Password>k4sUps4sp8mhOQhJF0PQui31kPIE7O5F8ZmrCBrNUhhgpbh3MY9eCwn+RYTId6NxadS5nPalX7XhlubKxlrfrg==</ns15:Password><ns15:Disabled>false</ns15:Disabled><ns15:ForcePwdResetOnNextLogin>false</ns15:ForcePwdResetOnNextLogin><ns15:Expired>false</ns15:Expired><ns15:ReadOnly>true</ns15:ReadOnly><ns15:PasswordFrmSeed>0</ns15:PasswordFrmSeed><ns15:OrganizationKey>uddi:soa.com:registryorganization</ns15:OrganizationKey><ns15:PasswordSalt>IWilhBgXM62k+lDAt5u6z4gYRaba7ETEoRCQrNX31tuw5xd2Epfwz/OeMTbUsVuE9tNxsmJttYS7ENJltyG8xg==</ns15:PasswordSalt></ns15:User><ns8:PKIGenerated>true</ns8:PKIGenerated></ns8:ExportUserIdentity></ns8:ExportObjectConfiguration><ns8:ExportObjectConfiguration><ns1:IdentityKey><ns1:Key>Local Domain\TCjokbx+xXVtDw8mHruhjQ==</ns1:Key><ns1:DomainName>Local Domain</ns1:DomainName><ns1:UserName>TCjokbx+xXVtDw8mHruhjQ==</ns1:UserName></ns1:IdentityKey><ns8:ExportUserIdentity><ns15:User DomainName="Local Domain" UserName="TCjokbx+xXVtDw8mHruhjQ=="><ns15:FullName>Service: uddi:ed4a1237-480c-11e5-9cd7-f31b398844b2</ns15:FullName><ns15:IdentityKey>urn:uuid:ed4b23a8-480c-11e5-9cd7-f31b398844b2</ns15:IdentityKey><ns15:Password>15DZtZL/e19pIgeImvbIb3S0Z0RSgYNyDgj3T0oDCfM47XLtDxeW1lB0mNZxn9Nn3zQKyDLdeoxWJsYpXzJ0Lg==</ns15:Password><ns15:Disabled>false</ns15:Disabled><ns15:ForcePwdResetOnNextLogin>false</ns15:ForcePwdResetOnNextLogin><ns15:Expired>false</ns15:Expired><ns15:ReadOnly>true</ns15:ReadOnly><ns15:PasswordFrmSeed>0</ns15:PasswordFrmSeed><ns15:OrganizationKey>uddi:soa.com:registryorganization</ns15:OrganizationKey><ns15:PasswordSalt>h3ipch1+SPZvzhhzZTKe8OesDW3vdMOZB3CKHilARm77O554ch4ofR28ZC5P4oitRe8lF8a0QlV0oMr1YoefSg==</ns15:PasswordSalt></ns15:User><ns8:PKIGenerated>true</ns8:PKIGenerated></ns8:ExportUserIdentity></ns8:ExportObjectConfiguration><ns8:ExportObjectConfiguration><ns1:IdentityKey><ns1:Key>Local Domain\O4OeaHJyYXL50UD+eOXnhw==</ns1:Key><ns1:DomainName>Local Domain</ns1:DomainName><ns1:UserName>O4OeaHJyYXL50UD+eOXnhw==</ns1:UserName></ns1:IdentityKey><ns8:ExportUserIdentity><ns15:User DomainName="Local Domain" UserName="O4OeaHJyYXL50UD+eOXnhw=="><ns15:FullName>Service: uddi:akana.com:api.hooks:aria:service:billingcomplete</ns15:FullName><ns15:IdentityKey>urn:uuid:8a69344a-46ba-11e5-924f-b23916dea172</ns15:IdentityKey><ns15:Password>YKgKaPHlcxPottbTtNMP1mum29Bus0E8unyhsaFixpDPF7siBnpVn5hMu7TAO3BYfPcFvBzoZx7s6fcDNpAJvA==</ns15:Password><ns15:Disabled>false</ns15:Disabled><ns15:ForcePwdResetOnNextLogin>false</ns15:ForcePwdResetOnNextLogin><ns15:Expired>false</ns15:Expired><ns15:ReadOnly>true</ns15:ReadOnly><ns15:PasswordFrmSeed>0</ns15:PasswordFrmSeed><ns15:OrganizationKey>uddi:soa.com:registryorganization</ns15:OrganizationKey><ns15:PasswordSalt>Crku5f2tQc8cIAcYOZVTEf7cF/rcbZLkzfDBEwRqTb84s32VfXtuXP7vKAEL3Bg/3bN4gVV49VWvmjj2ibnSBg==</ns15:PasswordSalt></ns15:User><ns8:PKIGenerated>true</ns8:PKIGenerated></ns8:ExportUserIdentity></ns8:ExportObjectConfiguration><ns8:ExportObjectConfiguration><ns1:IdentityKey><ns1:Key>Local Domain\Wj7gSH18LWe2uuDZL0DpUQ==</ns1:Key><ns1:DomainName>Local Domain</ns1:DomainName><ns1:UserName>Wj7gSH18LWe2uuDZL0DpUQ==</ns1:UserName></ns1:IdentityKey><ns8:ExportUserIdentity><ns15:User DomainName="Local Domain" UserName="Wj7gSH18LWe2uuDZL0DpUQ=="><ns15:FullName>Service: uddi:akana.com:api.hooks:aria:service:query</ns15:FullName><ns15:IdentityKey>urn:uuid:8a5202c3-46ba-11e5-924f-b23916dea172</ns15:IdentityKey><ns15:Password>exYSwI/2IXCvHUjmkm2KfJGCnbvq+XW+j03JbhMcTO5qiq26cfQ6J8sly9dzRxHJceuRr5ZqYGQfe5Iu30FqDw==</ns15:Password><ns15:Disabled>false</ns15:Disabled><ns15:ForcePwdResetOnNextLogin>false</ns15:ForcePwdResetOnNextLogin><ns15:Expired>false</ns15:Expired><ns15:ReadOnly>true</ns15:ReadOnly><ns15:PasswordFrmSeed>0</ns15:PasswordFrmSeed><ns15:OrganizationKey>uddi:soa.com:registryorganization</ns15:OrganizationKey><ns15:PasswordSalt>YhYPYnhK1Fiyn5FCW9ckv2jGMTe+odST+BDgmyg1uHb/jj0IUFdFslU5KLMwUfUXQ61S6X5zdLcqBmp0wz89cQ==</ns15:PasswordSalt></ns15:User><ns8:PKIGenerated>true</ns8:PKIGenerated></ns8:ExportUserIdentity></ns8:ExportObjectConfiguration><ns8:ExportObjectConfiguration><ns1:IdentityKey><ns1:Key>Local Domain\0Fk0X+JUjopZoLbNFcxCZg==</ns1:Key><ns1:DomainName>Local Domain</ns1:DomainName><ns1:UserName>0Fk0X+JUjopZoLbNFcxCZg==</ns1:UserName></ns1:IdentityKey><ns8:ExportUserIdentity><ns15:User DomainName="Local Domain" UserName="0Fk0X+JUjopZoLbNFcxCZg=="><ns15:FullName>Service: uddi:e23d7a9e-480e-11e5-9cd7-f31b398844b2</ns15:FullName><ns15:IdentityKey>urn:uuid:e23eda2f-480e-11e5-9cd7-f31b398844b2</ns15:IdentityKey><ns15:Password>uPFq2nykN16Tj7lj+dMdS0K7xoiOK3uyjsAE5XKMF/JWJbd47AUTDhTXFqmqKilwMUlI4osRxi8JBLUGeQtDhA==</ns15:Password><ns15:Disabled>false</ns15:Disabled><ns15:ForcePwdResetOnNextLogin>false</ns15:ForcePwdResetOnNextLogin><ns15:Expired>false</ns15:Expired><ns15:ReadOnly>true</ns15:ReadOnly><ns15:PasswordFrmSeed>0</ns15:PasswordFrmSeed><ns15:OrganizationKey>uddi:soa.com:registryorganization</ns15:OrganizationKey><ns15:PasswordSalt>YUPAWLK/PL9QVV/ojfECPhe8JQ0HcCr0DOZDAQIF7z8xCtYDtGgkDp9XSX17mNubz1fvNl0dyvGWLCMjnjJYyA==</ns15:PasswordSalt></ns15:User><ns8:PKIGenerated>true</ns8:PKIGenerated></ns8:ExportUserIdentity></ns8:ExportObjectConfiguration></ns8:ExportConfiguration>