<?xml version="1.0" encoding="UTF-8"?>
<DepedendencyGraph version="1.1"><Nodes><Node type="urn:com:soa:ObjectKey"><ObjectKey class="com.soa.wsdl.model.impl.WsdlBindingImpl">uddi:d43142bf-44bc-9725-1a71-d7c55d07a4af</ObjectKey><property class="java.lang.String" name="_NAME_" type="urn:com:soa:SimpleProperty">{https://admintools.current.stage.ariasystems.net/index.php/Dispatcher/index}Aria_AdminTool_API_Binding</property></Node><Node type="urn:com:soa:ObjectKey"><ObjectKey class="com.soa.service.operation.model.BindingOperationQualifiedKey">{urn:client:api:wsdl:document/literal_wrapped:vers:6.33:aria_integration_services_api}Aria_BillingComplete_REST_API_vs0$$${https://secure.current.stage.ariasystems.net/api/ws/api_ws_class_dispatcher.php}Aria_Billing_API_Binding$$$POST__</ObjectKey></Node><Node type="urn:com:soa:ObjectKey"><ObjectKey class="com.soa.wsdl.model.impl.WsdlBindingImpl">uddi:3d78b975-675d-82b4-ed9b-83875dbf59d5</ObjectKey><property class="java.lang.String" name="_NAME_" type="urn:com:soa:SimpleProperty">{https://secure.current.stage.ariasystems.net/api/AriaQuery/objects.php}Aria_Object_Query_API_Binding</property></Node><Node type="urn:com:soa:ObjectKey"><ObjectKey class="com.soa.wsdl.model.impl.WsdlBindingImpl">uddi:78d8318d-0251-e0d3-4768-310f071256ea</ObjectKey><property class="java.lang.String" name="_NAME_" type="urn:com:soa:SimpleProperty">{https://secure.current.stage.ariasystems.net/api/ws/api_ws_class_dispatcher.php}Aria_Billing_API_Binding</property></Node><Node type="urn:com:soa:ObjectKey"><ObjectKey class="com.soa.scripts.ScriptKey">script:9cba5386-1611-11e5-89c0-ceb227c9b263</ObjectKey><property class="java.lang.String" name="_NAME_" type="urn:com:soa:SimpleProperty">Aria-WF-ApiContract</property></Node><Node type="urn:com:soa:ObjectKey"><ObjectKey class="com.soa.wsdl.model.impl.WsdlInterfaceImpl">uddi:4a23cf02-c309-1b62-aadb-47b8aacda612</ObjectKey><property class="java.lang.String" name="_NAME_" type="urn:com:soa:SimpleProperty">{https://admintools.current.stage.ariasystems.net/index.php/Dispatcher/index}Aria_AdminTool_API_PortType</property></Node><Node type="urn:com:soa:ObjectKey"><ObjectKey class="com.soa.wsdl.model.impl.WsdlInterfaceImpl">uddi:a3e21ee5-dab7-c4d5-d1a0-a8d39ce33595</ObjectKey><property class="java.lang.String" name="_NAME_" type="urn:com:soa:SimpleProperty">{https://secure.current.stage.ariasystems.net/api/AriaQuery/objects.php}Aria_Object_Query_API_PortType</property></Node><Node type="urn:com:soa:ObjectKey"><ObjectKey class="com.soa.service.operation.model.OperationKey">e2506662-480e-11e5-9cd7-f31b398844b2</ObjectKey></Node><Node type="urn:com:soa:ObjectKey"><ObjectKey class="com.soa.wsdl.model.impl.WsdlInterfaceImpl">uddi:b4ce883d-1e75-8d26-1e36-cda2456b25af</ObjectKey><property class="java.lang.String" name="_NAME_" type="urn:com:soa:SimpleProperty">{https://secure.current.stage.ariasystems.net/api/ws/api_ws_class_dispatcher.php}Aria_Billing_API_PortType</property></Node><Node type="urn:com:soa:ObjectKey"><ObjectKey class="com.soa.service.endpoint.EndpointKey">uddi:1fc4b304-4aa2-11e5-8201-ca15621d263e</ObjectKey></Node><Node type="urn:com:soa:ObjectKey"><ObjectKey class="com.soa.service.endpoint.EndpointKey">uddi:1107a876-4aa2-11e5-8201-ca15621d263e</ObjectKey></Node><Node type="urn:com:soa:ObjectKey"><ObjectKey class="com.soa.scripts.ScriptKey">script:6181587a-1611-11e5-89c0-ceb227c9b263</ObjectKey><property class="java.lang.String" name="_NAME_" type="urn:com:soa:SimpleProperty">Aria-Library</property></Node><Node type="urn:com:soa:ObjectKey"><ObjectKey class="com.soa.service.model.ServiceKey">uddi:akana.com:api.hooks:aria:service:admintools</ObjectKey><property class="java.lang.String" name="_NAME_" type="urn:com:soa:SimpleProperty">Aria_AdminTool_API</property></Node><Node type="urn:com:soa:ObjectKey"><ObjectKey class="com.soa.security.util.QualifiedUserName">Local Domain\16SfbD1i2O+TDYD91EDUXA==</ObjectKey></Node><Node type="urn:com:soa:ObjectKey"><ObjectKey class="com.soa.svccontainer.ContainerKey">c3bdd061-c729-43eb-895d-e561b4b5</ObjectKey><property class="java.lang.String" name="_NAME_" type="urn:com:soa:SimpleProperty">ND1</property></Node><Node type="urn:com:soa:ObjectKey"><ObjectKey class="com.soa.scripts.ScriptKey">script:ec031c38-1611-11e5-89c0-ceb227c9b263</ObjectKey><property class="java.lang.String" name="_NAME_" type="urn:com:soa:SimpleProperty">Aria-WF-AppVersion</property></Node><Node type="urn:com:soa:ObjectKey"><ObjectKey class="com.soa.scripts.ScriptKey">script:59f38f44-1610-11e5-89c0-ceb227c9b263</ObjectKey><property class="java.lang.String" name="_NAME_" type="urn:com:soa:SimpleProperty">Aria-API</property></Node><Node type="urn:com:soa:ObjectKey"><ObjectKey class="com.soa.service.operation.model.OperationKey">ed67d36b-480c-11e5-9cd7-f31b398844b2</ObjectKey></Node><Node type="urn:com:soa:ObjectKey"><ObjectKey class="com.soa.policy.config.model.PolicyKey">CORSAllowAll</ObjectKey><property class="java.lang.String" name="_NAME_" type="urn:com:soa:SimpleProperty">CORSAllowAll</property></Node><Node type="urn:com:soa:ObjectKey"><ObjectKey class="com.soa.policy.config.model.PolicyKey">urn:uuid:6750649b-4aa1-11e5-8201-ca15621d263e</ObjectKey><property class="java.lang.String" name="_NAME_" type="urn:com:soa:SimpleProperty">AriaAccountCors</property></Node><Node type="urn:com:soa:ObjectKey"><ObjectKey class="com.soa.service.operation.model.BindingOperationQualifiedKey">{urn:client:api:wsdl:document/literal_wrapped:vers:6.33:aria_integration_services_api}Aria_AdminTool_API$$${https://admintools.current.stage.ariasystems.net/index.php/Dispatcher/index}Aria_AdminTool_API_Binding$$$POST__</ObjectKey></Node><Node type="urn:com:soa:ObjectKey"><ObjectKey class="com.soa.service.operation.model.OperationKey">8a47555f-46ba-11e5-924f-b23916dea172</ObjectKey></Node><Node type="urn:com:soa:ObjectKey"><ObjectKey class="com.soa.organization.model.OrganizationKey">uddi:akana.com:api.hooks:aris</ObjectKey><property class="java.lang.String" name="_NAME_" type="urn:com:soa:SimpleProperty">Aria Hooks</property></Node><Node type="urn:com:soa:ObjectKey"><ObjectKey class="com.soa.service.operation.model.BindingOperationQualifiedKey">{https://secure.current.stage.ariasystems.net/api/AriaQuery/objects.php}Aria_Object_Query_API$$${https://secure.current.stage.ariasystems.net/api/AriaQuery/objects.php}Aria_Object_Query_API_Binding$$$POST__</ObjectKey></Node><Node type="urn:com:soa:ObjectKey"><ObjectKey class="com.soa.security.util.QualifiedUserName">Local Domain\TCjokbx+xXVtDw8mHruhjQ==</ObjectKey></Node><Node type="urn:com:soa:ObjectKey"><ObjectKey class="com.soa.service.model.ServiceKey">uddi:e23d7a9e-480e-11e5-9cd7-f31b398844b2</ObjectKey><property class="java.lang.String" name="_NAME_" type="urn:com:soa:SimpleProperty">Aria_BillingComplete_REST_API_vs0</property></Node><Node type="urn:com:soa:ObjectKey"><ObjectKey class="com.soa.bpel.BpelKey">bpel:ed71705f-480c-11e5-9cd7-f31b398844b2</ObjectKey></Node><Node type="urn:com:soa:ObjectKey"><ObjectKey class="com.soa.service.endpoint.EndpointKey">uddi:4388b402-0e21-11e5-a01b-b2852ba7fdaf</ObjectKey></Node><Node type="urn:com:soa:ObjectKey"><ObjectKey class="com.soa.service.endpoint.EndpointKey">uddi:9b5bd3e5-451e-11e5-b925-a08425badcc7</ObjectKey></Node><Node type="urn:com:soa:ObjectKey"><ObjectKey class="com.soa.scripts.ScriptKey">script:8a959430-1491-11e5-b1aa-d4eaadcbceba</ObjectKey><property class="java.lang.String" name="_NAME_" type="urn:com:soa:SimpleProperty">Aria-Things</property></Node><Node type="urn:com:soa:ObjectKey"><ObjectKey class="com.soa.scripts.ScriptKey">script:2c632c88-1611-11e5-89c0-ceb227c9b263</ObjectKey><property class="java.lang.String" name="_NAME_" type="urn:com:soa:SimpleProperty">Aria-Utils</property></Node><Node type="urn:com:soa:ObjectKey"><ObjectKey class="com.soa.service.operation.model.OperationKey">8a8aed1d-46ba-11e5-924f-b23916dea172</ObjectKey></Node><Node type="urn:com:soa:ObjectKey"><ObjectKey class="com.soa.service.model.ServiceKey">uddi:akana.com:api.hooks:aria:service:query</ObjectKey><property class="java.lang.String" name="_NAME_" type="urn:com:soa:SimpleProperty">Aria_Object_Query_API</property></Node><Node type="urn:com:soa:ObjectKey"><ObjectKey class="com.soa.service.operation.model.BindingOperationQualifiedKey">{urn:client:api:wsdl:document/literal_wrapped:vers:6.33:aria_integration_services_api}Aria_BillingComplete_REST_API$$${https://secure.current.stage.ariasystems.net/api/ws/api_ws_class_dispatcher.php}Aria_Billing_API_Binding$$$POST__</ObjectKey></Node><Node type="urn:com:soa:ObjectKey"><ObjectKey class="com.soa.security.util.QualifiedUserName">Local Domain\O4OeaHJyYXL50UD+eOXnhw==</ObjectKey></Node><Node type="urn:com:soa:ObjectKey"><ObjectKey class="com.soa.service.operation.model.OperationKey">8a64ee86-46ba-11e5-924f-b23916dea172</ObjectKey></Node><Node type="urn:com:soa:ObjectKey"><ObjectKey class="com.soa.scripts.ScriptKey">script:3c8cebb8-0ed1-11e5-a01b-b2852ba7fdaf</ObjectKey><property class="java.lang.String" name="_NAME_" type="urn:com:soa:SimpleProperty">Aria-CM</property></Node><Node type="urn:com:soa:ObjectKey"><ObjectKey class="com.soa.service.operation.model.BindingOperationQualifiedKey">{https://secure.current.stage.ariasystems.net/api/AriaQuery/objects.php}Aria_Object_Query_API_vs0$$${https://secure.current.stage.ariasystems.net/api/AriaQuery/objects.php}Aria_Object_Query_API_Binding$$$POST__</ObjectKey></Node><Node type="urn:com:soa:ObjectKey"><ObjectKey class="com.soa.scripts.ScriptKey">script:18ec12fc-45e5-11e5-aac5-91aa4518142f</ObjectKey><property class="java.lang.String" name="_NAME_" type="urn:com:soa:SimpleProperty">Aria-ApiVersion</property></Node><Node type="urn:com:soa:ObjectKey"><ObjectKey class="com.soa.service.model.ServiceKey">uddi:akana.com:api.hooks:aria:service:billingcomplete</ObjectKey><property class="java.lang.String" name="_NAME_" type="urn:com:soa:SimpleProperty">Aria_BillingComplete_REST_API</property></Node><Node type="urn:com:soa:ObjectKey"><ObjectKey class="com.soa.scripts.ScriptKey">script:f620cae6-1610-11e5-89c0-ceb227c9b263</ObjectKey><property class="java.lang.String" name="_NAME_" type="urn:com:soa:SimpleProperty">Aria-Lib</property></Node><Node type="urn:com:soa:ObjectKey"><ObjectKey class="com.soa.scripts.ScriptKey">script:fde9eaac-0ed0-11e5-a01b-b2852ba7fdaf</ObjectKey><property class="java.lang.String" name="_NAME_" type="urn:com:soa:SimpleProperty">Aria-Base</property></Node><Node type="urn:com:soa:ObjectKey"><ObjectKey class="com.soa.service.model.ServiceKey">uddi:ed4a1237-480c-11e5-9cd7-f31b398844b2</ObjectKey><property class="java.lang.String" name="_NAME_" type="urn:com:soa:SimpleProperty">Aria_Object_Query_API_vs0</property></Node><Node type="urn:com:soa:ObjectKey"><ObjectKey class="com.soa.contracts.ContractKey">9fa2b667-4812-11e5-9cd7-f31b398844b2:1042</ObjectKey><property class="java.lang.String" name="_NAME_" type="urn:com:soa:SimpleProperty">AriaOpen</property></Node><Node type="urn:com:soa:ObjectKey"><ObjectKey class="com.soa.security.util.QualifiedUserName">Local Domain\Wj7gSH18LWe2uuDZL0DpUQ==</ObjectKey></Node><Node type="urn:com:soa:ObjectKey"><ObjectKey class="com.soa.bpel.BpelKey">bpel:e259dc46-480e-11e5-9cd7-f31b398844b2</ObjectKey></Node><Node type="urn:com:soa:ObjectKey"><ObjectKey class="com.soa.contracts.ContractKey">8fe3f33d-4812-11e5-9cd7-f31b398844b2:1041</ObjectKey><property class="java.lang.String" name="_NAME_" type="urn:com:soa:SimpleProperty">AriaQueryOpen</property></Node><Node type="urn:com:soa:ObjectKey"><ObjectKey class="com.soa.security.util.QualifiedUserName">Local Domain\0Fk0X+JUjopZoLbNFcxCZg==</ObjectKey></Node><Node type="urn:com:soa:ObjectKey"><ObjectKey class="com.soa.service.endpoint.EndpointKey">uddi:c0226073-4540-11e5-b925-a08425badcc7</ObjectKey></Node></Nodes><Links><Link type="script->organization:refer"><From><Node type="urn:com:soa:ObjectKey"><ObjectKey class="com.soa.scripts.ScriptKey">script:18ec12fc-45e5-11e5-aac5-91aa4518142f</ObjectKey></Node></From><To><Node type="urn:com:soa:ObjectKey"><ObjectKey class="com.soa.organization.model.OrganizationKey">uddi:akana.com:api.hooks:aris</ObjectKey></Node></To></Link><Link type="bndoperation->service:parent"><From><Node type="urn:com:soa:ObjectKey"><ObjectKey class="com.soa.service.operation.model.BindingOperationQualifiedKey">{https://secure.current.stage.ariasystems.net/api/AriaQuery/objects.php}Aria_Object_Query_API$$${https://secure.current.stage.ariasystems.net/api/AriaQuery/objects.php}Aria_Object_Query_API_Binding$$$POST__</ObjectKey></Node></From><To><Node type="urn:com:soa:ObjectKey"><ObjectKey class="com.soa.service.model.ServiceKey">uddi:akana.com:api.hooks:aria:service:query</ObjectKey></Node></To></Link><Link type="script->organization:refer"><From><Node type="urn:com:soa:ObjectKey"><ObjectKey class="com.soa.scripts.ScriptKey">script:3c8cebb8-0ed1-11e5-a01b-b2852ba7fdaf</ObjectKey></Node></From><To><Node type="urn:com:soa:ObjectKey"><ObjectKey class="com.soa.organization.model.OrganizationKey">uddi:akana.com:api.hooks:aris</ObjectKey></Node></To></Link><Link type="operation->service:parent"><From><Node type="urn:com:soa:ObjectKey"><ObjectKey class="com.soa.service.operation.model.OperationKey">e2506662-480e-11e5-9cd7-f31b398844b2</ObjectKey></Node></From><To><Node type="urn:com:soa:ObjectKey"><ObjectKey class="com.soa.service.model.ServiceKey">uddi:e23d7a9e-480e-11e5-9cd7-f31b398844b2</ObjectKey></Node></To></Link><Link type="script->script:refer"><From><Node type="urn:com:soa:ObjectKey"><ObjectKey class="com.soa.scripts.ScriptKey">script:6181587a-1611-11e5-89c0-ceb227c9b263</ObjectKey></Node></From><To><Node type="urn:com:soa:ObjectKey"><ObjectKey class="com.soa.scripts.ScriptKey">script:2c632c88-1611-11e5-89c0-ceb227c9b263</ObjectKey></Node></To></Link><Link type="service->contract:refer"><From><Node type="urn:com:soa:ObjectKey"><ObjectKey class="com.soa.service.model.ServiceKey">uddi:ed4a1237-480c-11e5-9cd7-f31b398844b2</ObjectKey></Node></From><To><Node type="urn:com:soa:ObjectKey"><ObjectKey class="com.soa.contracts.ContractKey">8fe3f33d-4812-11e5-9cd7-f31b398844b2:1041</ObjectKey></Node></To></Link><Link type="script->organization:refer"><From><Node type="urn:com:soa:ObjectKey"><ObjectKey class="com.soa.scripts.ScriptKey">script:fde9eaac-0ed0-11e5-a01b-b2852ba7fdaf</ObjectKey></Node></From><To><Node type="urn:com:soa:ObjectKey"><ObjectKey class="com.soa.organization.model.OrganizationKey">uddi:akana.com:api.hooks:aris</ObjectKey></Node></To></Link><Link type="service->bndoperation:child"><From><Node type="urn:com:soa:ObjectKey"><ObjectKey class="com.soa.service.model.ServiceKey">uddi:akana.com:api.hooks:aria:service:query</ObjectKey></Node></From><To><Node type="urn:com:soa:ObjectKey"><ObjectKey class="com.soa.service.operation.model.BindingOperationQualifiedKey">{https://secure.current.stage.ariasystems.net/api/AriaQuery/objects.php}Aria_Object_Query_API$$${https://secure.current.stage.ariasystems.net/api/AriaQuery/objects.php}Aria_Object_Query_API_Binding$$$POST__</ObjectKey></Node></To></Link><Link type="service->operationalpolicy:ReferedBy"><From><Node type="urn:com:soa:ObjectKey"><ObjectKey class="com.soa.service.model.ServiceKey">uddi:ed4a1237-480c-11e5-9cd7-f31b398844b2</ObjectKey></Node></From><To><Node type="urn:com:soa:ObjectKey"><ObjectKey class="com.soa.policy.config.model.PolicyKey">CORSAllowAll</ObjectKey></Node></To></Link><Link type="organization->script:ReferedBy"><From><Node type="urn:com:soa:ObjectKey"><ObjectKey class="com.soa.organization.model.OrganizationKey">uddi:akana.com:api.hooks:aris</ObjectKey></Node></From><To><Node type="urn:com:soa:ObjectKey"><ObjectKey class="com.soa.scripts.ScriptKey">script:8a959430-1491-11e5-b1aa-d4eaadcbceba</ObjectKey></Node></To></Link><Link type="script->script:ReferedBy"><From><Node type="urn:com:soa:ObjectKey"><ObjectKey class="com.soa.scripts.ScriptKey">script:6181587a-1611-11e5-89c0-ceb227c9b263</ObjectKey></Node></From><To><Node type="urn:com:soa:ObjectKey"><ObjectKey class="com.soa.scripts.ScriptKey">script:9cba5386-1611-11e5-89c0-ceb227c9b263</ObjectKey></Node></To></Link><Link type="contract->service:ReferedBy"><From><Node type="urn:com:soa:ObjectKey"><ObjectKey class="com.soa.contracts.ContractKey">9fa2b667-4812-11e5-9cd7-f31b398844b2:1042</ObjectKey></Node></From><To><Node type="urn:com:soa:ObjectKey"><ObjectKey class="com.soa.service.model.ServiceKey">uddi:e23d7a9e-480e-11e5-9cd7-f31b398844b2</ObjectKey></Node></To></Link><Link type="identity->service:ReferredBy"><From><Node type="urn:com:soa:ObjectKey"><ObjectKey class="com.soa.security.util.QualifiedUserName">Local Domain\16SfbD1i2O+TDYD91EDUXA==</ObjectKey></Node></From><To><Node type="urn:com:soa:ObjectKey"><ObjectKey class="com.soa.service.model.ServiceKey">uddi:akana.com:api.hooks:aria:service:admintools</ObjectKey></Node></To></Link><Link type="service->org:parent"><From><Node type="urn:com:soa:ObjectKey"><ObjectKey class="com.soa.service.model.ServiceKey">uddi:e23d7a9e-480e-11e5-9cd7-f31b398844b2</ObjectKey></Node></From><To><Node type="urn:com:soa:ObjectKey"><ObjectKey class="com.soa.organization.model.OrganizationKey">uddi:akana.com:api.hooks:aris</ObjectKey></Node></To></Link><Link type="service->binding:ImplementedBy"><From><Node type="urn:com:soa:ObjectKey"><ObjectKey class="com.soa.service.model.ServiceKey">uddi:e23d7a9e-480e-11e5-9cd7-f31b398844b2</ObjectKey></Node></From><To><Node type="urn:com:soa:ObjectKey"><ObjectKey class="com.soa.wsdl.model.impl.WsdlBindingImpl">uddi:78d8318d-0251-e0d3-4768-310f071256ea</ObjectKey></Node></To></Link><Link type="script->script:refer"><From><Node type="urn:com:soa:ObjectKey"><ObjectKey class="com.soa.scripts.ScriptKey">script:6181587a-1611-11e5-89c0-ceb227c9b263</ObjectKey></Node></From><To><Node type="urn:com:soa:ObjectKey"><ObjectKey class="com.soa.scripts.ScriptKey">script:59f38f44-1610-11e5-89c0-ceb227c9b263</ObjectKey></Node></To></Link><Link type="interface->service:implements"><From><Node type="urn:com:soa:ObjectKey"><ObjectKey class="com.soa.wsdl.model.impl.WsdlInterfaceImpl">uddi:a3e21ee5-dab7-c4d5-d1a0-a8d39ce33595</ObjectKey></Node></From><To><Node type="urn:com:soa:ObjectKey"><ObjectKey class="com.soa.service.model.ServiceKey">uddi:ed4a1237-480c-11e5-9cd7-f31b398844b2</ObjectKey></Node></To></Link><Link type="script->script:refer"><From><Node type="urn:com:soa:ObjectKey"><ObjectKey class="com.soa.scripts.ScriptKey">script:ec031c38-1611-11e5-89c0-ceb227c9b263</ObjectKey></Node></From><To><Node type="urn:com:soa:ObjectKey"><ObjectKey class="com.soa.scripts.ScriptKey">script:6181587a-1611-11e5-89c0-ceb227c9b263</ObjectKey></Node></To></Link><Link type="script->script:ReferedBy"><From><Node type="urn:com:soa:ObjectKey"><ObjectKey class="com.soa.scripts.ScriptKey">script:fde9eaac-0ed0-11e5-a01b-b2852ba7fdaf</ObjectKey></Node></From><To><Node type="urn:com:soa:ObjectKey"><ObjectKey class="com.soa.scripts.ScriptKey">script:6181587a-1611-11e5-89c0-ceb227c9b263</ObjectKey></Node></To></Link><Link type="service->endpoint:child"><From><Node type="urn:com:soa:ObjectKey"><ObjectKey class="com.soa.service.model.ServiceKey">uddi:e23d7a9e-480e-11e5-9cd7-f31b398844b2</ObjectKey></Node></From><To><Node type="urn:com:soa:ObjectKey"><ObjectKey class="com.soa.service.endpoint.EndpointKey">uddi:1107a876-4aa2-11e5-8201-ca15621d263e</ObjectKey></Node></To></Link><Link type="interface->binding:implements"><From><Node type="urn:com:soa:ObjectKey"><ObjectKey class="com.soa.wsdl.model.impl.WsdlInterfaceImpl">uddi:b4ce883d-1e75-8d26-1e36-cda2456b25af</ObjectKey></Node></From><To><Node type="urn:com:soa:ObjectKey"><ObjectKey class="com.soa.wsdl.model.impl.WsdlBindingImpl">uddi:78d8318d-0251-e0d3-4768-310f071256ea</ObjectKey></Node></To></Link><Link type="interface->binding:implements"><From><Node type="urn:com:soa:ObjectKey"><ObjectKey class="com.soa.wsdl.model.impl.WsdlInterfaceImpl">uddi:4a23cf02-c309-1b62-aadb-47b8aacda612</ObjectKey></Node></From><To><Node type="urn:com:soa:ObjectKey"><ObjectKey class="com.soa.wsdl.model.impl.WsdlBindingImpl">uddi:d43142bf-44bc-9725-1a71-d7c55d07a4af</ObjectKey></Node></To></Link><Link type="script->organization:refer"><From><Node type="urn:com:soa:ObjectKey"><ObjectKey class="com.soa.scripts.ScriptKey">script:9cba5386-1611-11e5-89c0-ceb227c9b263</ObjectKey></Node></From><To><Node type="urn:com:soa:ObjectKey"><ObjectKey class="com.soa.organization.model.OrganizationKey">uddi:akana.com:api.hooks:aris</ObjectKey></Node></To></Link><Link type="interface->binding:implements"><From><Node type="urn:com:soa:ObjectKey"><ObjectKey class="com.soa.wsdl.model.impl.WsdlInterfaceImpl">uddi:a3e21ee5-dab7-c4d5-d1a0-a8d39ce33595</ObjectKey></Node></From><To><Node type="urn:com:soa:ObjectKey"><ObjectKey class="com.soa.wsdl.model.impl.WsdlBindingImpl">uddi:3d78b975-675d-82b4-ed9b-83875dbf59d5</ObjectKey></Node></To></Link><Link type="service->interface:ImplementedBy"><From><Node type="urn:com:soa:ObjectKey"><ObjectKey class="com.soa.service.model.ServiceKey">uddi:e23d7a9e-480e-11e5-9cd7-f31b398844b2</ObjectKey></Node></From><To><Node type="urn:com:soa:ObjectKey"><ObjectKey class="com.soa.wsdl.model.impl.WsdlInterfaceImpl">uddi:b4ce883d-1e75-8d26-1e36-cda2456b25af</ObjectKey></Node></To></Link><Link type="bndoperation->service:parent"><From><Node type="urn:com:soa:ObjectKey"><ObjectKey class="com.soa.service.operation.model.BindingOperationQualifiedKey">{https://secure.current.stage.ariasystems.net/api/AriaQuery/objects.php}Aria_Object_Query_API_vs0$$${https://secure.current.stage.ariasystems.net/api/AriaQuery/objects.php}Aria_Object_Query_API_Binding$$$POST__</ObjectKey></Node></From><To><Node type="urn:com:soa:ObjectKey"><ObjectKey class="com.soa.service.model.ServiceKey">uddi:ed4a1237-480c-11e5-9cd7-f31b398844b2</ObjectKey></Node></To></Link><Link type="endpoint->service:parent"><From><Node type="urn:com:soa:ObjectKey"><ObjectKey class="com.soa.service.endpoint.EndpointKey">uddi:c0226073-4540-11e5-b925-a08425badcc7</ObjectKey></Node></From><To><Node type="urn:com:soa:ObjectKey"><ObjectKey class="com.soa.service.model.ServiceKey">uddi:akana.com:api.hooks:aria:service:query</ObjectKey></Node></To></Link><Link type="script->script:ReferedBy"><From><Node type="urn:com:soa:ObjectKey"><ObjectKey class="com.soa.scripts.ScriptKey">script:18ec12fc-45e5-11e5-aac5-91aa4518142f</ObjectKey></Node></From><To><Node type="urn:com:soa:ObjectKey"><ObjectKey class="com.soa.scripts.ScriptKey">script:6181587a-1611-11e5-89c0-ceb227c9b263</ObjectKey></Node></To></Link><Link type="binding->service:implements"><From><Node type="urn:com:soa:ObjectKey"><ObjectKey class="com.soa.wsdl.model.impl.WsdlBindingImpl">uddi:3d78b975-675d-82b4-ed9b-83875dbf59d5</ObjectKey></Node></From><To><Node type="urn:com:soa:ObjectKey"><ObjectKey class="com.soa.service.model.ServiceKey">uddi:akana.com:api.hooks:aria:service:query</ObjectKey></Node></To></Link><Link type="service->operation:child"><From><Node type="urn:com:soa:ObjectKey"><ObjectKey class="com.soa.service.model.ServiceKey">uddi:akana.com:api.hooks:aria:service:query</ObjectKey></Node></From><To><Node type="urn:com:soa:ObjectKey"><ObjectKey class="com.soa.service.operation.model.OperationKey">8a64ee86-46ba-11e5-924f-b23916dea172</ObjectKey></Node></To></Link><Link type="service->operation:child"><From><Node type="urn:com:soa:ObjectKey"><ObjectKey class="com.soa.service.model.ServiceKey">uddi:akana.com:api.hooks:aria:service:billingcomplete</ObjectKey></Node></From><To><Node type="urn:com:soa:ObjectKey"><ObjectKey class="com.soa.service.operation.model.OperationKey">8a8aed1d-46ba-11e5-924f-b23916dea172</ObjectKey></Node></To></Link><Link type="org->service:child"><From><Node type="urn:com:soa:ObjectKey"><ObjectKey class="com.soa.organization.model.OrganizationKey">uddi:akana.com:api.hooks:aris</ObjectKey></Node></From><To><Node type="urn:com:soa:ObjectKey"><ObjectKey class="com.soa.service.model.ServiceKey">uddi:ed4a1237-480c-11e5-9cd7-f31b398844b2</ObjectKey></Node></To></Link><Link type="script->script:ReferedBy"><From><Node type="urn:com:soa:ObjectKey"><ObjectKey class="com.soa.scripts.ScriptKey">script:3c8cebb8-0ed1-11e5-a01b-b2852ba7fdaf</ObjectKey></Node></From><To><Node type="urn:com:soa:ObjectKey"><ObjectKey class="com.soa.scripts.ScriptKey">script:6181587a-1611-11e5-89c0-ceb227c9b263</ObjectKey></Node></To></Link><Link type="service->bndoperation:child"><From><Node type="urn:com:soa:ObjectKey"><ObjectKey class="com.soa.service.model.ServiceKey">uddi:ed4a1237-480c-11e5-9cd7-f31b398844b2</ObjectKey></Node></From><To><Node type="urn:com:soa:ObjectKey"><ObjectKey class="com.soa.service.operation.model.BindingOperationQualifiedKey">{https://secure.current.stage.ariasystems.net/api/AriaQuery/objects.php}Aria_Object_Query_API_vs0$$${https://secure.current.stage.ariasystems.net/api/AriaQuery/objects.php}Aria_Object_Query_API_Binding$$$POST__</ObjectKey></Node></To></Link><Link type="identity->service:ReferredBy"><From><Node type="urn:com:soa:ObjectKey"><ObjectKey class="com.soa.security.util.QualifiedUserName">Local Domain\TCjokbx+xXVtDw8mHruhjQ==</ObjectKey></Node></From><To><Node type="urn:com:soa:ObjectKey"><ObjectKey class="com.soa.service.model.ServiceKey">uddi:ed4a1237-480c-11e5-9cd7-f31b398844b2</ObjectKey></Node></To></Link><Link type="binding->service:implements"><From><Node type="urn:com:soa:ObjectKey"><ObjectKey class="com.soa.wsdl.model.impl.WsdlBindingImpl">uddi:78d8318d-0251-e0d3-4768-310f071256ea</ObjectKey></Node></From><To><Node type="urn:com:soa:ObjectKey"><ObjectKey class="com.soa.service.model.ServiceKey">uddi:akana.com:api.hooks:aria:service:billingcomplete</ObjectKey></Node></To></Link><Link type="script->script:refer"><From><Node type="urn:com:soa:ObjectKey"><ObjectKey class="com.soa.scripts.ScriptKey">script:6181587a-1611-11e5-89c0-ceb227c9b263</ObjectKey></Node></From><To><Node type="urn:com:soa:ObjectKey"><ObjectKey class="com.soa.scripts.ScriptKey">script:3c8cebb8-0ed1-11e5-a01b-b2852ba7fdaf</ObjectKey></Node></To></Link><Link type="identity->service:ReferredBy"><From><Node type="urn:com:soa:ObjectKey"><ObjectKey class="com.soa.security.util.QualifiedUserName">Local Domain\Wj7gSH18LWe2uuDZL0DpUQ==</ObjectKey></Node></From><To><Node type="urn:com:soa:ObjectKey"><ObjectKey class="com.soa.service.model.ServiceKey">uddi:akana.com:api.hooks:aria:service:query</ObjectKey></Node></To></Link><Link type="script->script:refer"><From><Node type="urn:com:soa:ObjectKey"><ObjectKey class="com.soa.scripts.ScriptKey">script:6181587a-1611-11e5-89c0-ceb227c9b263</ObjectKey></Node></From><To><Node type="urn:com:soa:ObjectKey"><ObjectKey class="com.soa.scripts.ScriptKey">script:18ec12fc-45e5-11e5-aac5-91aa4518142f</ObjectKey></Node></To></Link><Link type="container->service:HostedBy"><From><Node type="urn:com:soa:ObjectKey"><ObjectKey class="com.soa.svccontainer.ContainerKey">c3bdd061-c729-43eb-895d-e561b4b5</ObjectKey></Node></From><To><Node type="urn:com:soa:ObjectKey"><ObjectKey class="com.soa.service.model.ServiceKey">uddi:ed4a1237-480c-11e5-9cd7-f31b398844b2</ObjectKey></Node></To></Link><Link type="organization->script:ReferedBy"><From><Node type="urn:com:soa:ObjectKey"><ObjectKey class="com.soa.organization.model.OrganizationKey">uddi:akana.com:api.hooks:aris</ObjectKey></Node></From><To><Node type="urn:com:soa:ObjectKey"><ObjectKey class="com.soa.scripts.ScriptKey">script:f620cae6-1610-11e5-89c0-ceb227c9b263</ObjectKey></Node></To></Link><Link type="script->organization:refer"><From><Node type="urn:com:soa:ObjectKey"><ObjectKey class="com.soa.scripts.ScriptKey">script:2c632c88-1611-11e5-89c0-ceb227c9b263</ObjectKey></Node></From><To><Node type="urn:com:soa:ObjectKey"><ObjectKey class="com.soa.organization.model.OrganizationKey">uddi:akana.com:api.hooks:aris</ObjectKey></Node></To></Link><Link type="script->script:ReferedBy"><From><Node type="urn:com:soa:ObjectKey"><ObjectKey class="com.soa.scripts.ScriptKey">script:59f38f44-1610-11e5-89c0-ceb227c9b263</ObjectKey></Node></From><To><Node type="urn:com:soa:ObjectKey"><ObjectKey class="com.soa.scripts.ScriptKey">script:6181587a-1611-11e5-89c0-ceb227c9b263</ObjectKey></Node></To></Link><Link type="script->script:ReferedBy"><From><Node type="urn:com:soa:ObjectKey"><ObjectKey class="com.soa.scripts.ScriptKey">script:6181587a-1611-11e5-89c0-ceb227c9b263</ObjectKey></Node></From><To><Node type="urn:com:soa:ObjectKey"><ObjectKey class="com.soa.scripts.ScriptKey">script:ec031c38-1611-11e5-89c0-ceb227c9b263</ObjectKey></Node></To></Link><Link type="operation->service:parent"><From><Node type="urn:com:soa:ObjectKey"><ObjectKey class="com.soa.service.operation.model.OperationKey">8a64ee86-46ba-11e5-924f-b23916dea172</ObjectKey></Node></From><To><Node type="urn:com:soa:ObjectKey"><ObjectKey class="com.soa.service.model.ServiceKey">uddi:akana.com:api.hooks:aria:service:query</ObjectKey></Node></To></Link><Link type="script->script:refer"><From><Node type="urn:com:soa:ObjectKey"><ObjectKey class="com.soa.scripts.ScriptKey">script:6181587a-1611-11e5-89c0-ceb227c9b263</ObjectKey></Node></From><To><Node type="urn:com:soa:ObjectKey"><ObjectKey class="com.soa.scripts.ScriptKey">script:fde9eaac-0ed0-11e5-a01b-b2852ba7fdaf</ObjectKey></Node></To></Link><Link type="operation->service:parent"><From><Node type="urn:com:soa:ObjectKey"><ObjectKey class="com.soa.service.operation.model.OperationKey">8a8aed1d-46ba-11e5-924f-b23916dea172</ObjectKey></Node></From><To><Node type="urn:com:soa:ObjectKey"><ObjectKey class="com.soa.service.model.ServiceKey">uddi:akana.com:api.hooks:aria:service:billingcomplete</ObjectKey></Node></To></Link><Link type="service->identity:refer"><From><Node type="urn:com:soa:ObjectKey"><ObjectKey class="com.soa.service.model.ServiceKey">uddi:akana.com:api.hooks:aria:service:billingcomplete</ObjectKey></Node></From><To><Node type="urn:com:soa:ObjectKey"><ObjectKey class="com.soa.security.util.QualifiedUserName">Local Domain\O4OeaHJyYXL50UD+eOXnhw==</ObjectKey></Node></To></Link><Link type="script->organization:refer"><From><Node type="urn:com:soa:ObjectKey"><ObjectKey class="com.soa.scripts.ScriptKey">script:ec031c38-1611-11e5-89c0-ceb227c9b263</ObjectKey></Node></From><To><Node type="urn:com:soa:ObjectKey"><ObjectKey class="com.soa.organization.model.OrganizationKey">uddi:akana.com:api.hooks:aris</ObjectKey></Node></To></Link><Link type="org->service:child"><From><Node type="urn:com:soa:ObjectKey"><ObjectKey class="com.soa.organization.model.OrganizationKey">uddi:akana.com:api.hooks:aris</ObjectKey></Node></From><To><Node type="urn:com:soa:ObjectKey"><ObjectKey class="com.soa.service.model.ServiceKey">uddi:akana.com:api.hooks:aria:service:billingcomplete</ObjectKey></Node></To></Link><Link type="bndoperation->service:parent"><From><Node type="urn:com:soa:ObjectKey"><ObjectKey class="com.soa.service.operation.model.BindingOperationQualifiedKey">{urn:client:api:wsdl:document/literal_wrapped:vers:6.33:aria_integration_services_api}Aria_AdminTool_API$$${https://admintools.current.stage.ariasystems.net/index.php/Dispatcher/index}Aria_AdminTool_API_Binding$$$POST__</ObjectKey></Node></From><To><Node type="urn:com:soa:ObjectKey"><ObjectKey class="com.soa.service.model.ServiceKey">uddi:akana.com:api.hooks:aria:service:admintools</ObjectKey></Node></To></Link><Link type="operationalpolicy->service:refer"><From><Node type="urn:com:soa:ObjectKey"><ObjectKey class="com.soa.policy.config.model.PolicyKey">CORSAllowAll</ObjectKey></Node></From><To><Node type="urn:com:soa:ObjectKey"><ObjectKey class="com.soa.service.model.ServiceKey">uddi:ed4a1237-480c-11e5-9cd7-f31b398844b2</ObjectKey></Node></To></Link><Link type="script->organization:refer"><From><Node type="urn:com:soa:ObjectKey"><ObjectKey class="com.soa.scripts.ScriptKey">script:59f38f44-1610-11e5-89c0-ceb227c9b263</ObjectKey></Node></From><To><Node type="urn:com:soa:ObjectKey"><ObjectKey class="com.soa.organization.model.OrganizationKey">uddi:akana.com:api.hooks:aris</ObjectKey></Node></To></Link><Link type="service->operation:child"><From><Node type="urn:com:soa:ObjectKey"><ObjectKey class="com.soa.service.model.ServiceKey">uddi:e23d7a9e-480e-11e5-9cd7-f31b398844b2</ObjectKey></Node></From><To><Node type="urn:com:soa:ObjectKey"><ObjectKey class="com.soa.service.operation.model.OperationKey">e2506662-480e-11e5-9cd7-f31b398844b2</ObjectKey></Node></To></Link><Link type="service->bndoperation:child"><From><Node type="urn:com:soa:ObjectKey"><ObjectKey class="com.soa.service.model.ServiceKey">uddi:akana.com:api.hooks:aria:service:billingcomplete</ObjectKey></Node></From><To><Node type="urn:com:soa:ObjectKey"><ObjectKey class="com.soa.service.operation.model.BindingOperationQualifiedKey">{urn:client:api:wsdl:document/literal_wrapped:vers:6.33:aria_integration_services_api}Aria_BillingComplete_REST_API$$${https://secure.current.stage.ariasystems.net/api/ws/api_ws_class_dispatcher.php}Aria_Billing_API_Binding$$$POST__</ObjectKey></Node></To></Link><Link type="endpoint->service:parent"><From><Node type="urn:com:soa:ObjectKey"><ObjectKey class="com.soa.service.endpoint.EndpointKey">uddi:1107a876-4aa2-11e5-8201-ca15621d263e</ObjectKey></Node></From><To><Node type="urn:com:soa:ObjectKey"><ObjectKey class="com.soa.service.model.ServiceKey">uddi:e23d7a9e-480e-11e5-9cd7-f31b398844b2</ObjectKey></Node></To></Link><Link type="org->service:child"><From><Node type="urn:com:soa:ObjectKey"><ObjectKey class="com.soa.organization.model.OrganizationKey">uddi:akana.com:api.hooks:aris</ObjectKey></Node></From><To><Node type="urn:com:soa:ObjectKey"><ObjectKey class="com.soa.service.model.ServiceKey">uddi:akana.com:api.hooks:aria:service:query</ObjectKey></Node></To></Link><Link type="service->endpoint:child"><From><Node type="urn:com:soa:ObjectKey"><ObjectKey class="com.soa.service.model.ServiceKey">uddi:akana.com:api.hooks:aria:service:query</ObjectKey></Node></From><To><Node type="urn:com:soa:ObjectKey"><ObjectKey class="com.soa.service.endpoint.EndpointKey">uddi:c0226073-4540-11e5-b925-a08425badcc7</ObjectKey></Node></To></Link><Link type="binding->service:implements"><From><Node type="urn:com:soa:ObjectKey"><ObjectKey class="com.soa.wsdl.model.impl.WsdlBindingImpl">uddi:3d78b975-675d-82b4-ed9b-83875dbf59d5</ObjectKey></Node></From><To><Node type="urn:com:soa:ObjectKey"><ObjectKey class="com.soa.service.model.ServiceKey">uddi:ed4a1237-480c-11e5-9cd7-f31b398844b2</ObjectKey></Node></To></Link><Link type="script->script:refer"><From><Node type="urn:com:soa:ObjectKey"><ObjectKey class="com.soa.scripts.ScriptKey">script:9cba5386-1611-11e5-89c0-ceb227c9b263</ObjectKey></Node></From><To><Node type="urn:com:soa:ObjectKey"><ObjectKey class="com.soa.scripts.ScriptKey">script:6181587a-1611-11e5-89c0-ceb227c9b263</ObjectKey></Node></To></Link><Link type="org->operational_policy:child"><From><Node type="urn:com:soa:ObjectKey"><ObjectKey class="com.soa.organization.model.OrganizationKey">uddi:akana.com:api.hooks:aris</ObjectKey></Node></From><To><Node type="urn:com:soa:ObjectKey"><ObjectKey class="com.soa.policy.config.model.PolicyKey">urn:uuid:6750649b-4aa1-11e5-8201-ca15621d263e</ObjectKey></Node></To></Link><Link type="service->contract:refer"><From><Node type="urn:com:soa:ObjectKey"><ObjectKey class="com.soa.service.model.ServiceKey">uddi:e23d7a9e-480e-11e5-9cd7-f31b398844b2</ObjectKey></Node></From><To><Node type="urn:com:soa:ObjectKey"><ObjectKey class="com.soa.contracts.ContractKey">9fa2b667-4812-11e5-9cd7-f31b398844b2:1042</ObjectKey></Node></To></Link><Link type="interface->service:implements"><From><Node type="urn:com:soa:ObjectKey"><ObjectKey class="com.soa.wsdl.model.impl.WsdlInterfaceImpl">uddi:b4ce883d-1e75-8d26-1e36-cda2456b25af</ObjectKey></Node></From><To><Node type="urn:com:soa:ObjectKey"><ObjectKey class="com.soa.service.model.ServiceKey">uddi:akana.com:api.hooks:aria:service:billingcomplete</ObjectKey></Node></To></Link><Link type="service->container:Hosts"><From><Node type="urn:com:soa:ObjectKey"><ObjectKey class="com.soa.service.model.ServiceKey">uddi:ed4a1237-480c-11e5-9cd7-f31b398844b2</ObjectKey></Node></From><To><Node type="urn:com:soa:ObjectKey"><ObjectKey class="com.soa.svccontainer.ContainerKey">c3bdd061-c729-43eb-895d-e561b4b5</ObjectKey></Node></To></Link><Link type="organization->script:ReferedBy"><From><Node type="urn:com:soa:ObjectKey"><ObjectKey class="com.soa.organization.model.OrganizationKey">uddi:akana.com:api.hooks:aris</ObjectKey></Node></From><To><Node type="urn:com:soa:ObjectKey"><ObjectKey class="com.soa.scripts.ScriptKey">script:6181587a-1611-11e5-89c0-ceb227c9b263</ObjectKey></Node></To></Link><Link type="service->binding:ImplementedBy"><From><Node type="urn:com:soa:ObjectKey"><ObjectKey class="com.soa.service.model.ServiceKey">uddi:akana.com:api.hooks:aria:service:admintools</ObjectKey></Node></From><To><Node type="urn:com:soa:ObjectKey"><ObjectKey class="com.soa.wsdl.model.impl.WsdlBindingImpl">uddi:d43142bf-44bc-9725-1a71-d7c55d07a4af</ObjectKey></Node></To></Link><Link type="contract->org:parent"><From><Node type="urn:com:soa:ObjectKey"><ObjectKey class="com.soa.contracts.ContractKey">9fa2b667-4812-11e5-9cd7-f31b398844b2:1042</ObjectKey></Node></From><To><Node type="urn:com:soa:ObjectKey"><ObjectKey class="com.soa.organization.model.OrganizationKey">uddi:akana.com:api.hooks:aris</ObjectKey></Node></To></Link><Link type="service->org:parent"><From><Node type="urn:com:soa:ObjectKey"><ObjectKey class="com.soa.service.model.ServiceKey">uddi:akana.com:api.hooks:aria:service:admintools</ObjectKey></Node></From><To><Node type="urn:com:soa:ObjectKey"><ObjectKey class="com.soa.organization.model.OrganizationKey">uddi:akana.com:api.hooks:aris</ObjectKey></Node></To></Link><Link type="bndoperation->service:parent"><From><Node type="urn:com:soa:ObjectKey"><ObjectKey class="com.soa.service.operation.model.BindingOperationQualifiedKey">{urn:client:api:wsdl:document/literal_wrapped:vers:6.33:aria_integration_services_api}Aria_BillingComplete_REST_API$$${https://secure.current.stage.ariasystems.net/api/ws/api_ws_class_dispatcher.php}Aria_Billing_API_Binding$$$POST__</ObjectKey></Node></From><To><Node type="urn:com:soa:ObjectKey"><ObjectKey class="com.soa.service.model.ServiceKey">uddi:akana.com:api.hooks:aria:service:billingcomplete</ObjectKey></Node></To></Link><Link type="org->contract:child"><From><Node type="urn:com:soa:ObjectKey"><ObjectKey class="com.soa.organization.model.OrganizationKey">uddi:akana.com:api.hooks:aris</ObjectKey></Node></From><To><Node type="urn:com:soa:ObjectKey"><ObjectKey class="com.soa.contracts.ContractKey">9fa2b667-4812-11e5-9cd7-f31b398844b2:1042</ObjectKey></Node></To></Link><Link type="interface->service:implements"><From><Node type="urn:com:soa:ObjectKey"><ObjectKey class="com.soa.wsdl.model.impl.WsdlInterfaceImpl">uddi:a3e21ee5-dab7-c4d5-d1a0-a8d39ce33595</ObjectKey></Node></From><To><Node type="urn:com:soa:ObjectKey"><ObjectKey class="com.soa.service.model.ServiceKey">uddi:akana.com:api.hooks:aria:service:query</ObjectKey></Node></To></Link><Link type="script->script:ReferedBy"><From><Node type="urn:com:soa:ObjectKey"><ObjectKey class="com.soa.scripts.ScriptKey">script:2c632c88-1611-11e5-89c0-ceb227c9b263</ObjectKey></Node></From><To><Node type="urn:com:soa:ObjectKey"><ObjectKey class="com.soa.scripts.ScriptKey">script:6181587a-1611-11e5-89c0-ceb227c9b263</ObjectKey></Node></To></Link><Link type="service->identity:refer"><From><Node type="urn:com:soa:ObjectKey"><ObjectKey class="com.soa.service.model.ServiceKey">uddi:e23d7a9e-480e-11e5-9cd7-f31b398844b2</ObjectKey></Node></From><To><Node type="urn:com:soa:ObjectKey"><ObjectKey class="com.soa.security.util.QualifiedUserName">Local Domain\0Fk0X+JUjopZoLbNFcxCZg==</ObjectKey></Node></To></Link><Link type="service->interface:ImplementedBy"><From><Node type="urn:com:soa:ObjectKey"><ObjectKey class="com.soa.service.model.ServiceKey">uddi:akana.com:api.hooks:aria:service:admintools</ObjectKey></Node></From><To><Node type="urn:com:soa:ObjectKey"><ObjectKey class="com.soa.wsdl.model.impl.WsdlInterfaceImpl">uddi:4a23cf02-c309-1b62-aadb-47b8aacda612</ObjectKey></Node></To></Link><Link type="service->bndoperation:child"><From><Node type="urn:com:soa:ObjectKey"><ObjectKey class="com.soa.service.model.ServiceKey">uddi:akana.com:api.hooks:aria:service:admintools</ObjectKey></Node></From><To><Node type="urn:com:soa:ObjectKey"><ObjectKey class="com.soa.service.operation.model.BindingOperationQualifiedKey">{urn:client:api:wsdl:document/literal_wrapped:vers:6.33:aria_integration_services_api}Aria_AdminTool_API$$${https://admintools.current.stage.ariasystems.net/index.php/Dispatcher/index}Aria_AdminTool_API_Binding$$$POST__</ObjectKey></Node></To></Link><Link type="contract->service:ReferedBy"><From><Node type="urn:com:soa:ObjectKey"><ObjectKey class="com.soa.contracts.ContractKey">8fe3f33d-4812-11e5-9cd7-f31b398844b2:1041</ObjectKey></Node></From><To><Node type="urn:com:soa:ObjectKey"><ObjectKey class="com.soa.service.model.ServiceKey">uddi:ed4a1237-480c-11e5-9cd7-f31b398844b2</ObjectKey></Node></To></Link><Link type="organization->script:ReferedBy"><From><Node type="urn:com:soa:ObjectKey"><ObjectKey class="com.soa.organization.model.OrganizationKey">uddi:akana.com:api.hooks:aris</ObjectKey></Node></From><To><Node type="urn:com:soa:ObjectKey"><ObjectKey class="com.soa.scripts.ScriptKey">script:fde9eaac-0ed0-11e5-a01b-b2852ba7fdaf</ObjectKey></Node></To></Link><Link type="endpoint->service:parent"><From><Node type="urn:com:soa:ObjectKey"><ObjectKey class="com.soa.service.endpoint.EndpointKey">uddi:1fc4b304-4aa2-11e5-8201-ca15621d263e</ObjectKey></Node></From><To><Node type="urn:com:soa:ObjectKey"><ObjectKey class="com.soa.service.model.ServiceKey">uddi:ed4a1237-480c-11e5-9cd7-f31b398844b2</ObjectKey></Node></To></Link><Link type="org->service:child"><From><Node type="urn:com:soa:ObjectKey"><ObjectKey class="com.soa.organization.model.OrganizationKey">uddi:akana.com:api.hooks:aris</ObjectKey></Node></From><To><Node type="urn:com:soa:ObjectKey"><ObjectKey class="com.soa.service.model.ServiceKey">uddi:akana.com:api.hooks:aria:service:admintools</ObjectKey></Node></To></Link><Link type="operationalpolicy->service:refer"><From><Node type="urn:com:soa:ObjectKey"><ObjectKey class="com.soa.policy.config.model.PolicyKey">CORSAllowAll</ObjectKey></Node></From><To><Node type="urn:com:soa:ObjectKey"><ObjectKey class="com.soa.service.model.ServiceKey">uddi:e23d7a9e-480e-11e5-9cd7-f31b398844b2</ObjectKey></Node></To></Link><Link type="binding->service:implements"><From><Node type="urn:com:soa:ObjectKey"><ObjectKey class="com.soa.wsdl.model.impl.WsdlBindingImpl">uddi:78d8318d-0251-e0d3-4768-310f071256ea</ObjectKey></Node></From><To><Node type="urn:com:soa:ObjectKey"><ObjectKey class="com.soa.service.model.ServiceKey">uddi:e23d7a9e-480e-11e5-9cd7-f31b398844b2</ObjectKey></Node></To></Link><Link type="script->organization:refer"><From><Node type="urn:com:soa:ObjectKey"><ObjectKey class="com.soa.scripts.ScriptKey">script:8a959430-1491-11e5-b1aa-d4eaadcbceba</ObjectKey></Node></From><To><Node type="urn:com:soa:ObjectKey"><ObjectKey class="com.soa.organization.model.OrganizationKey">uddi:akana.com:api.hooks:aris</ObjectKey></Node></To></Link><Link type="operation->service:parent"><From><Node type="urn:com:soa:ObjectKey"><ObjectKey class="com.soa.service.operation.model.OperationKey">8a47555f-46ba-11e5-924f-b23916dea172</ObjectKey></Node></From><To><Node type="urn:com:soa:ObjectKey"><ObjectKey class="com.soa.service.model.ServiceKey">uddi:akana.com:api.hooks:aria:service:admintools</ObjectKey></Node></To></Link><Link type="organization->script:ReferedBy"><From><Node type="urn:com:soa:ObjectKey"><ObjectKey class="com.soa.organization.model.OrganizationKey">uddi:akana.com:api.hooks:aris</ObjectKey></Node></From><To><Node type="urn:com:soa:ObjectKey"><ObjectKey class="com.soa.scripts.ScriptKey">script:3c8cebb8-0ed1-11e5-a01b-b2852ba7fdaf</ObjectKey></Node></To></Link><Link type="service->interface:ImplementedBy"><From><Node type="urn:com:soa:ObjectKey"><ObjectKey class="com.soa.service.model.ServiceKey">uddi:akana.com:api.hooks:aria:service:query</ObjectKey></Node></From><To><Node type="urn:com:soa:ObjectKey"><ObjectKey class="com.soa.wsdl.model.impl.WsdlInterfaceImpl">uddi:a3e21ee5-dab7-c4d5-d1a0-a8d39ce33595</ObjectKey></Node></To></Link><Link type="service->org:parent"><From><Node type="urn:com:soa:ObjectKey"><ObjectKey class="com.soa.service.model.ServiceKey">uddi:akana.com:api.hooks:aria:service:billingcomplete</ObjectKey></Node></From><To><Node type="urn:com:soa:ObjectKey"><ObjectKey class="com.soa.organization.model.OrganizationKey">uddi:akana.com:api.hooks:aris</ObjectKey></Node></To></Link><Link type="service->binding:ImplementedBy"><From><Node type="urn:com:soa:ObjectKey"><ObjectKey class="com.soa.service.model.ServiceKey">uddi:akana.com:api.hooks:aria:service:billingcomplete</ObjectKey></Node></From><To><Node type="urn:com:soa:ObjectKey"><ObjectKey class="com.soa.wsdl.model.impl.WsdlBindingImpl">uddi:78d8318d-0251-e0d3-4768-310f071256ea</ObjectKey></Node></To></Link><Link type="service->container:Hosts"><From><Node type="urn:com:soa:ObjectKey"><ObjectKey class="com.soa.service.model.ServiceKey">uddi:e23d7a9e-480e-11e5-9cd7-f31b398844b2</ObjectKey></Node></From><To><Node type="urn:com:soa:ObjectKey"><ObjectKey class="com.soa.svccontainer.ContainerKey">c3bdd061-c729-43eb-895d-e561b4b5</ObjectKey></Node></To></Link><Link type="organization->script:ReferedBy"><From><Node type="urn:com:soa:ObjectKey"><ObjectKey class="com.soa.organization.model.OrganizationKey">uddi:akana.com:api.hooks:aris</ObjectKey></Node></From><To><Node type="urn:com:soa:ObjectKey"><ObjectKey class="com.soa.scripts.ScriptKey">script:18ec12fc-45e5-11e5-aac5-91aa4518142f</ObjectKey></Node></To></Link><Link type="interface->service:implements"><From><Node type="urn:com:soa:ObjectKey"><ObjectKey class="com.soa.wsdl.model.impl.WsdlInterfaceImpl">uddi:4a23cf02-c309-1b62-aadb-47b8aacda612</ObjectKey></Node></From><To><Node type="urn:com:soa:ObjectKey"><ObjectKey class="com.soa.service.model.ServiceKey">uddi:akana.com:api.hooks:aria:service:admintools</ObjectKey></Node></To></Link><Link type="service->org:parent"><From><Node type="urn:com:soa:ObjectKey"><ObjectKey class="com.soa.service.model.ServiceKey">uddi:akana.com:api.hooks:aria:service:query</ObjectKey></Node></From><To><Node type="urn:com:soa:ObjectKey"><ObjectKey class="com.soa.organization.model.OrganizationKey">uddi:akana.com:api.hooks:aris</ObjectKey></Node></To></Link><Link type="service->interface:ImplementedBy"><From><Node type="urn:com:soa:ObjectKey"><ObjectKey class="com.soa.service.model.ServiceKey">uddi:akana.com:api.hooks:aria:service:billingcomplete</ObjectKey></Node></From><To><Node type="urn:com:soa:ObjectKey"><ObjectKey class="com.soa.wsdl.model.impl.WsdlInterfaceImpl">uddi:b4ce883d-1e75-8d26-1e36-cda2456b25af</ObjectKey></Node></To></Link><Link type="script->script:refer"><From><Node type="urn:com:soa:ObjectKey"><ObjectKey class="com.soa.scripts.ScriptKey">script:6181587a-1611-11e5-89c0-ceb227c9b263</ObjectKey></Node></From><To><Node type="urn:com:soa:ObjectKey"><ObjectKey class="com.soa.scripts.ScriptKey">script:f620cae6-1610-11e5-89c0-ceb227c9b263</ObjectKey></Node></To></Link><Link type="endpoint->service:parent"><From><Node type="urn:com:soa:ObjectKey"><ObjectKey class="com.soa.service.endpoint.EndpointKey">uddi:9b5bd3e5-451e-11e5-b925-a08425badcc7</ObjectKey></Node></From><To><Node type="urn:com:soa:ObjectKey"><ObjectKey class="com.soa.service.model.ServiceKey">uddi:akana.com:api.hooks:aria:service:admintools</ObjectKey></Node></To></Link><Link type="service->identity:refer"><From><Node type="urn:com:soa:ObjectKey"><ObjectKey class="com.soa.service.model.ServiceKey">uddi:akana.com:api.hooks:aria:service:admintools</ObjectKey></Node></From><To><Node type="urn:com:soa:ObjectKey"><ObjectKey class="com.soa.security.util.QualifiedUserName">Local Domain\16SfbD1i2O+TDYD91EDUXA==</ObjectKey></Node></To></Link><Link type="service->binding:ImplementedBy"><From><Node type="urn:com:soa:ObjectKey"><ObjectKey class="com.soa.service.model.ServiceKey">uddi:akana.com:api.hooks:aria:service:query</ObjectKey></Node></From><To><Node type="urn:com:soa:ObjectKey"><ObjectKey class="com.soa.wsdl.model.impl.WsdlBindingImpl">uddi:3d78b975-675d-82b4-ed9b-83875dbf59d5</ObjectKey></Node></To></Link><Link type="bndoperation->service:parent"><From><Node type="urn:com:soa:ObjectKey"><ObjectKey class="com.soa.service.operation.model.BindingOperationQualifiedKey">{urn:client:api:wsdl:document/literal_wrapped:vers:6.33:aria_integration_services_api}Aria_BillingComplete_REST_API_vs0$$${https://secure.current.stage.ariasystems.net/api/ws/api_ws_class_dispatcher.php}Aria_Billing_API_Binding$$$POST__</ObjectKey></Node></From><To><Node type="urn:com:soa:ObjectKey"><ObjectKey class="com.soa.service.model.ServiceKey">uddi:e23d7a9e-480e-11e5-9cd7-f31b398844b2</ObjectKey></Node></To></Link><Link type="container->service:HostedBy"><From><Node type="urn:com:soa:ObjectKey"><ObjectKey class="com.soa.svccontainer.ContainerKey">c3bdd061-c729-43eb-895d-e561b4b5</ObjectKey></Node></From><To><Node type="urn:com:soa:ObjectKey"><ObjectKey class="com.soa.service.model.ServiceKey">uddi:e23d7a9e-480e-11e5-9cd7-f31b398844b2</ObjectKey></Node></To></Link><Link type="binding->interface:ImplementedBy"><From><Node type="urn:com:soa:ObjectKey"><ObjectKey class="com.soa.wsdl.model.impl.WsdlBindingImpl">uddi:78d8318d-0251-e0d3-4768-310f071256ea</ObjectKey></Node></From><To><Node type="urn:com:soa:ObjectKey"><ObjectKey class="com.soa.wsdl.model.impl.WsdlInterfaceImpl">uddi:b4ce883d-1e75-8d26-1e36-cda2456b25af</ObjectKey></Node></To></Link><Link type="binding->interface:ImplementedBy"><From><Node type="urn:com:soa:ObjectKey"><ObjectKey class="com.soa.wsdl.model.impl.WsdlBindingImpl">uddi:d43142bf-44bc-9725-1a71-d7c55d07a4af</ObjectKey></Node></From><To><Node type="urn:com:soa:ObjectKey"><ObjectKey class="com.soa.wsdl.model.impl.WsdlInterfaceImpl">uddi:4a23cf02-c309-1b62-aadb-47b8aacda612</ObjectKey></Node></To></Link><Link type="binding->interface:ImplementedBy"><From><Node type="urn:com:soa:ObjectKey"><ObjectKey class="com.soa.wsdl.model.impl.WsdlBindingImpl">uddi:3d78b975-675d-82b4-ed9b-83875dbf59d5</ObjectKey></Node></From><To><Node type="urn:com:soa:ObjectKey"><ObjectKey class="com.soa.wsdl.model.impl.WsdlInterfaceImpl">uddi:a3e21ee5-dab7-c4d5-d1a0-a8d39ce33595</ObjectKey></Node></To></Link><Link type="bpel->virtualop:routedBy"><From><Node type="urn:com:soa:ObjectKey"><ObjectKey class="com.soa.bpel.BpelKey">bpel:ed71705f-480c-11e5-9cd7-f31b398844b2</ObjectKey></Node></From><To><Node type="urn:com:soa:ObjectKey"><ObjectKey class="com.soa.service.operation.model.OperationKey">ed67d36b-480c-11e5-9cd7-f31b398844b2</ObjectKey></Node></To></Link><Link type="virtualop->bpel:route"><From><Node type="urn:com:soa:ObjectKey"><ObjectKey class="com.soa.service.operation.model.OperationKey">ed67d36b-480c-11e5-9cd7-f31b398844b2</ObjectKey></Node></From><To><Node type="urn:com:soa:ObjectKey"><ObjectKey class="com.soa.bpel.BpelKey">bpel:ed71705f-480c-11e5-9cd7-f31b398844b2</ObjectKey></Node></To></Link><Link type="operation->service:parent"><From><Node type="urn:com:soa:ObjectKey"><ObjectKey class="com.soa.service.operation.model.OperationKey">ed67d36b-480c-11e5-9cd7-f31b398844b2</ObjectKey></Node></From><To><Node type="urn:com:soa:ObjectKey"><ObjectKey class="com.soa.service.model.ServiceKey">uddi:ed4a1237-480c-11e5-9cd7-f31b398844b2</ObjectKey></Node></To></Link><Link type="service->identity:refer"><From><Node type="urn:com:soa:ObjectKey"><ObjectKey class="com.soa.service.model.ServiceKey">uddi:ed4a1237-480c-11e5-9cd7-f31b398844b2</ObjectKey></Node></From><To><Node type="urn:com:soa:ObjectKey"><ObjectKey class="com.soa.security.util.QualifiedUserName">Local Domain\TCjokbx+xXVtDw8mHruhjQ==</ObjectKey></Node></To></Link><Link type="service->bndoperation:child"><From><Node type="urn:com:soa:ObjectKey"><ObjectKey class="com.soa.service.model.ServiceKey">uddi:e23d7a9e-480e-11e5-9cd7-f31b398844b2</ObjectKey></Node></From><To><Node type="urn:com:soa:ObjectKey"><ObjectKey class="com.soa.service.operation.model.BindingOperationQualifiedKey">{urn:client:api:wsdl:document/literal_wrapped:vers:6.33:aria_integration_services_api}Aria_BillingComplete_REST_API_vs0$$${https://secure.current.stage.ariasystems.net/api/ws/api_ws_class_dispatcher.php}Aria_Billing_API_Binding$$$POST__</ObjectKey></Node></To></Link><Link type="service->endpoint:child"><From><Node type="urn:com:soa:ObjectKey"><ObjectKey class="com.soa.service.model.ServiceKey">uddi:akana.com:api.hooks:aria:service:billingcomplete</ObjectKey></Node></From><To><Node type="urn:com:soa:ObjectKey"><ObjectKey class="com.soa.service.endpoint.EndpointKey">uddi:4388b402-0e21-11e5-a01b-b2852ba7fdaf</ObjectKey></Node></To></Link><Link type="script->script:ReferedBy"><From><Node type="urn:com:soa:ObjectKey"><ObjectKey class="com.soa.scripts.ScriptKey">script:8a959430-1491-11e5-b1aa-d4eaadcbceba</ObjectKey></Node></From><To><Node type="urn:com:soa:ObjectKey"><ObjectKey class="com.soa.scripts.ScriptKey">script:6181587a-1611-11e5-89c0-ceb227c9b263</ObjectKey></Node></To></Link><Link type="organization->script:ReferedBy"><From><Node type="urn:com:soa:ObjectKey"><ObjectKey class="com.soa.organization.model.OrganizationKey">uddi:akana.com:api.hooks:aris</ObjectKey></Node></From><To><Node type="urn:com:soa:ObjectKey"><ObjectKey class="com.soa.scripts.ScriptKey">script:9cba5386-1611-11e5-89c0-ceb227c9b263</ObjectKey></Node></To></Link><Link type="interface->service:implements"><From><Node type="urn:com:soa:ObjectKey"><ObjectKey class="com.soa.wsdl.model.impl.WsdlInterfaceImpl">uddi:b4ce883d-1e75-8d26-1e36-cda2456b25af</ObjectKey></Node></From><To><Node type="urn:com:soa:ObjectKey"><ObjectKey class="com.soa.service.model.ServiceKey">uddi:e23d7a9e-480e-11e5-9cd7-f31b398844b2</ObjectKey></Node></To></Link><Link type="service->binding:ImplementedBy"><From><Node type="urn:com:soa:ObjectKey"><ObjectKey class="com.soa.service.model.ServiceKey">uddi:ed4a1237-480c-11e5-9cd7-f31b398844b2</ObjectKey></Node></From><To><Node type="urn:com:soa:ObjectKey"><ObjectKey class="com.soa.wsdl.model.impl.WsdlBindingImpl">uddi:3d78b975-675d-82b4-ed9b-83875dbf59d5</ObjectKey></Node></To></Link><Link type="service->identity:refer"><From><Node type="urn:com:soa:ObjectKey"><ObjectKey class="com.soa.service.model.ServiceKey">uddi:akana.com:api.hooks:aria:service:query</ObjectKey></Node></From><To><Node type="urn:com:soa:ObjectKey"><ObjectKey class="com.soa.security.util.QualifiedUserName">Local Domain\Wj7gSH18LWe2uuDZL0DpUQ==</ObjectKey></Node></To></Link><Link type="service->endpoint:child"><From><Node type="urn:com:soa:ObjectKey"><ObjectKey class="com.soa.service.model.ServiceKey">uddi:ed4a1237-480c-11e5-9cd7-f31b398844b2</ObjectKey></Node></From><To><Node type="urn:com:soa:ObjectKey"><ObjectKey class="com.soa.service.endpoint.EndpointKey">uddi:1fc4b304-4aa2-11e5-8201-ca15621d263e</ObjectKey></Node></To></Link><Link type="service->org:parent"><From><Node type="urn:com:soa:ObjectKey"><ObjectKey class="com.soa.service.model.ServiceKey">uddi:ed4a1237-480c-11e5-9cd7-f31b398844b2</ObjectKey></Node></From><To><Node type="urn:com:soa:ObjectKey"><ObjectKey class="com.soa.organization.model.OrganizationKey">uddi:akana.com:api.hooks:aris</ObjectKey></Node></To></Link><Link type="script->script:refer"><From><Node type="urn:com:soa:ObjectKey"><ObjectKey class="com.soa.scripts.ScriptKey">script:6181587a-1611-11e5-89c0-ceb227c9b263</ObjectKey></Node></From><To><Node type="urn:com:soa:ObjectKey"><ObjectKey class="com.soa.scripts.ScriptKey">script:8a959430-1491-11e5-b1aa-d4eaadcbceba</ObjectKey></Node></To></Link><Link type="service->interface:ImplementedBy"><From><Node type="urn:com:soa:ObjectKey"><ObjectKey class="com.soa.service.model.ServiceKey">uddi:ed4a1237-480c-11e5-9cd7-f31b398844b2</ObjectKey></Node></From><To><Node type="urn:com:soa:ObjectKey"><ObjectKey class="com.soa.wsdl.model.impl.WsdlInterfaceImpl">uddi:a3e21ee5-dab7-c4d5-d1a0-a8d39ce33595</ObjectKey></Node></To></Link><Link type="org->service:child"><From><Node type="urn:com:soa:ObjectKey"><ObjectKey class="com.soa.organization.model.OrganizationKey">uddi:akana.com:api.hooks:aris</ObjectKey></Node></From><To><Node type="urn:com:soa:ObjectKey"><ObjectKey class="com.soa.service.model.ServiceKey">uddi:e23d7a9e-480e-11e5-9cd7-f31b398844b2</ObjectKey></Node></To></Link><Link type="service->operation:child"><From><Node type="urn:com:soa:ObjectKey"><ObjectKey class="com.soa.service.model.ServiceKey">uddi:ed4a1237-480c-11e5-9cd7-f31b398844b2</ObjectKey></Node></From><To><Node type="urn:com:soa:ObjectKey"><ObjectKey class="com.soa.service.operation.model.OperationKey">ed67d36b-480c-11e5-9cd7-f31b398844b2</ObjectKey></Node></To></Link><Link type="identity->service:ReferredBy"><From><Node type="urn:com:soa:ObjectKey"><ObjectKey class="com.soa.security.util.QualifiedUserName">Local Domain\O4OeaHJyYXL50UD+eOXnhw==</ObjectKey></Node></From><To><Node type="urn:com:soa:ObjectKey"><ObjectKey class="com.soa.service.model.ServiceKey">uddi:akana.com:api.hooks:aria:service:billingcomplete</ObjectKey></Node></To></Link><Link type="organization->script:ReferedBy"><From><Node type="urn:com:soa:ObjectKey"><ObjectKey class="com.soa.organization.model.OrganizationKey">uddi:akana.com:api.hooks:aris</ObjectKey></Node></From><To><Node type="urn:com:soa:ObjectKey"><ObjectKey class="com.soa.scripts.ScriptKey">script:2c632c88-1611-11e5-89c0-ceb227c9b263</ObjectKey></Node></To></Link><Link type="service->endpoint:child"><From><Node type="urn:com:soa:ObjectKey"><ObjectKey class="com.soa.service.model.ServiceKey">uddi:akana.com:api.hooks:aria:service:admintools</ObjectKey></Node></From><To><Node type="urn:com:soa:ObjectKey"><ObjectKey class="com.soa.service.endpoint.EndpointKey">uddi:9b5bd3e5-451e-11e5-b925-a08425badcc7</ObjectKey></Node></To></Link><Link type="binding->service:implements"><From><Node type="urn:com:soa:ObjectKey"><ObjectKey class="com.soa.wsdl.model.impl.WsdlBindingImpl">uddi:d43142bf-44bc-9725-1a71-d7c55d07a4af</ObjectKey></Node></From><To><Node type="urn:com:soa:ObjectKey"><ObjectKey class="com.soa.service.model.ServiceKey">uddi:akana.com:api.hooks:aria:service:admintools</ObjectKey></Node></To></Link><Link type="script->organization:refer"><From><Node type="urn:com:soa:ObjectKey"><ObjectKey class="com.soa.scripts.ScriptKey">script:f620cae6-1610-11e5-89c0-ceb227c9b263</ObjectKey></Node></From><To><Node type="urn:com:soa:ObjectKey"><ObjectKey class="com.soa.organization.model.OrganizationKey">uddi:akana.com:api.hooks:aris</ObjectKey></Node></To></Link><Link type="operational_policy->org:parent"><From><Node type="urn:com:soa:ObjectKey"><ObjectKey class="com.soa.policy.config.model.PolicyKey">urn:uuid:6750649b-4aa1-11e5-8201-ca15621d263e</ObjectKey></Node></From><To><Node type="urn:com:soa:ObjectKey"><ObjectKey class="com.soa.organization.model.OrganizationKey">uddi:akana.com:api.hooks:aris</ObjectKey></Node></To></Link><Link type="script->organization:refer"><From><Node type="urn:com:soa:ObjectKey"><ObjectKey class="com.soa.scripts.ScriptKey">script:6181587a-1611-11e5-89c0-ceb227c9b263</ObjectKey></Node></From><To><Node type="urn:com:soa:ObjectKey"><ObjectKey class="com.soa.organization.model.OrganizationKey">uddi:akana.com:api.hooks:aris</ObjectKey></Node></To></Link><Link type="bpel->virtualop:routedBy"><From><Node type="urn:com:soa:ObjectKey"><ObjectKey class="com.soa.bpel.BpelKey">bpel:e259dc46-480e-11e5-9cd7-f31b398844b2</ObjectKey></Node></From><To><Node type="urn:com:soa:ObjectKey"><ObjectKey class="com.soa.service.operation.model.OperationKey">e2506662-480e-11e5-9cd7-f31b398844b2</ObjectKey></Node></To></Link><Link type="virtualop->bpel:route"><From><Node type="urn:com:soa:ObjectKey"><ObjectKey class="com.soa.service.operation.model.OperationKey">e2506662-480e-11e5-9cd7-f31b398844b2</ObjectKey></Node></From><To><Node type="urn:com:soa:ObjectKey"><ObjectKey class="com.soa.bpel.BpelKey">bpel:e259dc46-480e-11e5-9cd7-f31b398844b2</ObjectKey></Node></To></Link><Link type="script->script:ReferedBy"><From><Node type="urn:com:soa:ObjectKey"><ObjectKey class="com.soa.scripts.ScriptKey">script:f620cae6-1610-11e5-89c0-ceb227c9b263</ObjectKey></Node></From><To><Node type="urn:com:soa:ObjectKey"><ObjectKey class="com.soa.scripts.ScriptKey">script:6181587a-1611-11e5-89c0-ceb227c9b263</ObjectKey></Node></To></Link><Link type="service->operation:child"><From><Node type="urn:com:soa:ObjectKey"><ObjectKey class="com.soa.service.model.ServiceKey">uddi:akana.com:api.hooks:aria:service:admintools</ObjectKey></Node></From><To><Node type="urn:com:soa:ObjectKey"><ObjectKey class="com.soa.service.operation.model.OperationKey">8a47555f-46ba-11e5-924f-b23916dea172</ObjectKey></Node></To></Link><Link type="contract->org:parent"><From><Node type="urn:com:soa:ObjectKey"><ObjectKey class="com.soa.contracts.ContractKey">8fe3f33d-4812-11e5-9cd7-f31b398844b2:1041</ObjectKey></Node></From><To><Node type="urn:com:soa:ObjectKey"><ObjectKey class="com.soa.organization.model.OrganizationKey">uddi:akana.com:api.hooks:aris</ObjectKey></Node></To></Link><Link type="organization->script:ReferedBy"><From><Node type="urn:com:soa:ObjectKey"><ObjectKey class="com.soa.organization.model.OrganizationKey">uddi:akana.com:api.hooks:aris</ObjectKey></Node></From><To><Node type="urn:com:soa:ObjectKey"><ObjectKey class="com.soa.scripts.ScriptKey">script:ec031c38-1611-11e5-89c0-ceb227c9b263</ObjectKey></Node></To></Link><Link type="organization->script:ReferedBy"><From><Node type="urn:com:soa:ObjectKey"><ObjectKey class="com.soa.organization.model.OrganizationKey">uddi:akana.com:api.hooks:aris</ObjectKey></Node></From><To><Node type="urn:com:soa:ObjectKey"><ObjectKey class="com.soa.scripts.ScriptKey">script:59f38f44-1610-11e5-89c0-ceb227c9b263</ObjectKey></Node></To></Link><Link type="identity->service:ReferredBy"><From><Node type="urn:com:soa:ObjectKey"><ObjectKey class="com.soa.security.util.QualifiedUserName">Local Domain\0Fk0X+JUjopZoLbNFcxCZg==</ObjectKey></Node></From><To><Node type="urn:com:soa:ObjectKey"><ObjectKey class="com.soa.service.model.ServiceKey">uddi:e23d7a9e-480e-11e5-9cd7-f31b398844b2</ObjectKey></Node></To></Link><Link type="endpoint->service:parent"><From><Node type="urn:com:soa:ObjectKey"><ObjectKey class="com.soa.service.endpoint.EndpointKey">uddi:4388b402-0e21-11e5-a01b-b2852ba7fdaf</ObjectKey></Node></From><To><Node type="urn:com:soa:ObjectKey"><ObjectKey class="com.soa.service.model.ServiceKey">uddi:akana.com:api.hooks:aria:service:billingcomplete</ObjectKey></Node></To></Link><Link type="org->contract:child"><From><Node type="urn:com:soa:ObjectKey"><ObjectKey class="com.soa.organization.model.OrganizationKey">uddi:akana.com:api.hooks:aris</ObjectKey></Node></From><To><Node type="urn:com:soa:ObjectKey"><ObjectKey class="com.soa.contracts.ContractKey">8fe3f33d-4812-11e5-9cd7-f31b398844b2:1041</ObjectKey></Node></To></Link><Link type="service->operationalpolicy:ReferedBy"><From><Node type="urn:com:soa:ObjectKey"><ObjectKey class="com.soa.service.model.ServiceKey">uddi:e23d7a9e-480e-11e5-9cd7-f31b398844b2</ObjectKey></Node></From><To><Node type="urn:com:soa:ObjectKey"><ObjectKey class="com.soa.policy.config.model.PolicyKey">CORSAllowAll</ObjectKey></Node></To></Link></Links></DepedendencyGraph>