<?xml version="1.0" encoding="UTF-8"?>
<VirtualServiceConfiguration LastUpdated="1440166446889" ServiceName="ns13:Aria_BillingComplete_REST_API_vs0" xmlns="http://soa.com/capabilities/service/virtualization/bpel" xmlns:ns10="http://schemas.xmlsoap.org/ws/2003/03/business-process/" xmlns:ns11="http://soa.com/bpel/ext" xmlns:ns12="http://schemas.xmlsoap.org/ws/2003/05/partner-link/" xmlns:ns13="urn:client:api:wsdl:document/literal_wrapped:vers:6.33:aria_integration_services_api" xmlns:ns2="http://schemas.xmlsoap.org/ws/2006/02/addressingidentity" xmlns:ns3="http://www.w3.org/2000/09/xmldsig#" xmlns:ns4="http://docs.oasis-open.org/wss/2004/01/oasis-200401-wss-wssecurity-secext-1.0.xsd" xmlns:ns5="http://docs.oasis-open.org/wss/2004/01/oasis-200401-wss-wssecurity-utility-1.0.xsd" xmlns:ns6="http://schemas.xmlsoap.org/ws/2004/09/mex" xmlns:ns7="http://soa.com/capabilities/service/virtualization/bpel/activity" xmlns:ns8="http://www.w3.org/2001/04/xmlenc#" xmlns:ns9="http://federatedgovernance.org/mc/configuration/x509"><OutboundIdentityConfig><UseInboundIdentities xmlns:xs="http://www.w3.org/2001/XMLSchema" xmlns:xsi="http://www.w3.org/2001/XMLSchema-instance" xsi:type="xs:boolean">true</UseInboundIdentities><UseServiceIdentityForHTTPS>false</UseServiceIdentityForHTTPS></OutboundIdentityConfig><PolicyImplementationConfig><ImplementPolicies>true</ImplementPolicies></PolicyImplementationConfig><OperationImplementation InterfaceName="ns14:Aria_Billing_API_PortType" LastUpdated="1440166446889" OperationName="POST__" xmlns:ns14="https://secure.current.stage.ariasystems.net/api/ws/api_ws_class_dispatcher.php"><Process/><BindingHeaderInstructions/><TransportHeaderInstructions/></OperationImplementation></VirtualServiceConfiguration>