<?xml version="1.0" encoding="UTF-8"?>
<Script Id="script:6181587a-1611-11e5-89c0-ceb227c9b263" Name="Aria-Library" xmlns="http://soa.com/capabilities/service/scripting"><Language>js</Language><Import>script:fde9eaac-0ed0-11e5-a01b-b2852ba7fdaf</Import><Import>script:59f38f44-1610-11e5-89c0-ceb227c9b263</Import><Import>script:18ec12fc-45e5-11e5-aac5-91aa4518142f</Import><Import>script:3c8cebb8-0ed1-11e5-a01b-b2852ba7fdaf</Import><Import>script:f620cae6-1610-11e5-89c0-ceb227c9b263</Import><Import>script:8a959430-1491-11e5-b1aa-d4eaadcbceba</Import><Import>script:2c632c88-1611-11e5-89c0-ceb227c9b263</Import><Source>// this just does all of the imports</Source></Script>