
<repository lastmodified='20150818013231.911' name='Akana Professional Services Technology Preview for API Hooks'>
  <resource id='com.soa.console.policy.opscript/7.2.90' presentationname='Akana PSO Tech Preview of Scripted Operational Policies' symbolicname='com.soa.console.policy.opscript' uri='file:com.soa.console.policy.opscript_7.2.9990.jar' version='7.2.90'>
    <size>
      111634
    </size>
    <capability name='bundle'>
      <p n='manifestversion' v='2'/>
      <p n='presentationname' v='Akana PSO Tech Preview of Scripted Operational Policies'/>
      <p n='symbolicname' v='com.soa.console.policy.opscript'/>
      <p n='version' t='version' v='7.2.90'/>
    </capability>
    <require extend='false' filter='(&amp;(package=com.digev.am.console.constants)(version&gt;=7.0.0))' multiple='false' name='package' optional='false'>
      Import package com.digev.am.console.constants ;version=7.0.0
    </require>
    <require extend='false' filter='(&amp;(package=com.digev.am.model.alerts)(version&gt;=7.0.0))' multiple='false' name='package' optional='false'>
      Import package com.digev.am.model.alerts ;version=7.0.0
    </require>
    <require extend='false' filter='(&amp;(package=com.digev.common.console.features.tags)(version&gt;=7.0.0))' multiple='false' name='package' optional='false'>
      Import package com.digev.common.console.features.tags ;version=7.0.0
    </require>
    <require extend='false' filter='(&amp;(package=com.digev.fw.exception)(version&gt;=7.0.0))' multiple='false' name='package' optional='false'>
      Import package com.digev.fw.exception ;version=7.0.0
    </require>
    <require extend='false' filter='(&amp;(package=com.digev.fw.log)(version&gt;=7.0.0))' multiple='false' name='package' optional='false'>
      Import package com.digev.fw.log ;version=7.0.0
    </require>
    <require extend='false' filter='(&amp;(package=com.digev.fw.message)(version&gt;=7.0.0))' multiple='false' name='package' optional='false'>
      Import package com.digev.fw.message ;version=7.0.0
    </require>
    <require extend='false' filter='(&amp;(package=com.digev.fw.xml)(version&gt;=7.0.0))' multiple='false' name='package' optional='false'>
      Import package com.digev.fw.xml ;version=7.0.0
    </require>
    <require extend='false' filter='(&amp;(package=com.soa.admin.service.tasks)(version&gt;=7.0.0))' multiple='false' name='package' optional='false'>
      Import package com.soa.admin.service.tasks ;version=7.0.0
    </require>
    <require extend='false' filter='(&amp;(package=com.soa.admin.service.tasks.impl)(version&gt;=7.0.0))' multiple='false' name='package' optional='false'>
      Import package com.soa.admin.service.tasks.impl ;version=7.0.0
    </require>
    <require extend='false' filter='(&amp;(package=com.soa.admin.service.tasktemplate)(version&gt;=7.0.0))' multiple='false' name='package' optional='false'>
      Import package com.soa.admin.service.tasktemplate ;version=7.0.0
    </require>
    <require extend='false' filter='(&amp;(package=com.soa.admin.service.tasktemplate.impl)(version&gt;=7.0.0))' multiple='false' name='package' optional='false'>
      Import package com.soa.admin.service.tasktemplate.impl ;version=7.0.0
    </require>
    <require extend='false' filter='(&amp;(package=com.soa.admin.task.spring)(version&gt;=7.0.0))' multiple='false' name='package' optional='false'>
      Import package com.soa.admin.task.spring ;version=7.0.0
    </require>
    <require extend='false' filter='(&amp;(package=com.soa.command)(version&gt;=7.0.0))' multiple='false' name='package' optional='false'>
      Import package com.soa.command ;version=7.0.0
    </require>
    <require extend='false' filter='(&amp;(package=com.soa.command.message)(version&gt;=7.0.0))' multiple='false' name='package' optional='false'>
      Import package com.soa.command.message ;version=7.0.0
    </require>
    <require extend='false' filter='(&amp;(package=com.soa.command.policies)(version&gt;=7.0.0))' multiple='false' name='package' optional='false'>
      Import package com.soa.command.policies ;version=7.0.0
    </require>
    <require extend='false' filter='(&amp;(package=com.soa.command.script)(version&gt;=7.0.0))' multiple='false' name='package' optional='false'>
      Import package com.soa.command.script ;version=7.0.0
    </require>
    <require extend='false' filter='(&amp;(package=com.soa.common.console)(version&gt;=7.0.0))' multiple='false' name='package' optional='false'>
      Import package com.soa.common.console ;version=7.0.0
    </require>
    <require extend='false' filter='(&amp;(package=com.soa.common.console.tags)(version&gt;=7.0.0))' multiple='false' name='package' optional='false'>
      Import package com.soa.common.console.tags ;version=7.0.0
    </require>
    <require extend='false' filter='(&amp;(package=com.soa.common.console.tags.obs)(version&gt;=7.0.0))' multiple='false' name='package' optional='false'>
      Import package com.soa.common.console.tags.obs ;version=7.0.0
    </require>
    <require extend='false' filter='(&amp;(package=com.soa.console.faces)(version&gt;=7.0.0))' multiple='false' name='package' optional='false'>
      Import package com.soa.console.faces ;version=7.0.0
    </require>
    <require extend='false' filter='(&amp;(package=com.soa.console.faces.config)(version&gt;=7.0.0))' multiple='false' name='package' optional='false'>
      Import package com.soa.console.faces.config ;version=7.0.0
    </require>
    <require extend='false' filter='(&amp;(package=com.soa.console.faces.config.impl)(version&gt;=7.0.0))' multiple='false' name='package' optional='false'>
      Import package com.soa.console.faces.config.impl ;version=7.0.0
    </require>
    <require extend='false' filter='(&amp;(package=com.soa.console.faces.myfaces)(version&gt;=7.0.0))' multiple='false' name='package' optional='false'>
      Import package com.soa.console.faces.myfaces ;version=7.0.0
    </require>
    <require extend='false' filter='(&amp;(package=com.soa.console.framework.struts)(version&gt;=7.0.0))' multiple='false' name='package' optional='false'>
      Import package com.soa.console.framework.struts ;version=7.0.0
    </require>
    <require extend='false' filter='(&amp;(package=com.soa.console.policy.quota.command)(version&gt;=7.0.0))' multiple='false' name='package' optional='false'>
      Import package com.soa.console.policy.quota.command ;version=7.0.0
    </require>
    <require extend='false' filter='(&amp;(package=com.soa.console.policy.renderer)(version&gt;=7.0.0))' multiple='false' name='package' optional='false'>
      Import package com.soa.console.policy.renderer ;version=7.0.0
    </require>
    <require extend='false' filter='(&amp;(package=com.soa.console.policy.renderer.impl)(version&gt;=7.0.0))' multiple='false' name='package' optional='false'>
      Import package com.soa.console.policy.renderer.impl ;version=7.0.0
    </require>
    <require extend='false' filter='(&amp;(package=com.soa.console.script)(version&gt;=7.0.0))' multiple='false' name='package' optional='false'>
      Import package com.soa.console.script ;version=7.0.0
    </require>
    <require extend='false' filter='(&amp;(package=com.soa.console.tree)(version&gt;=7.0.0))' multiple='false' name='package' optional='false'>
      Import package com.soa.console.tree ;version=7.0.0
    </require>
    <require extend='false' filter='(&amp;(package=com.soa.console.util)(version&gt;=7.0.0))' multiple='false' name='package' optional='false'>
      Import package com.soa.console.util ;version=7.0.0
    </require>
    <require extend='false' filter='(&amp;(package=com.soa.contracts)(version&gt;=7.0.0))' multiple='false' name='package' optional='false'>
      Import package com.soa.contracts ;version=7.0.0
    </require>
    <require extend='false' filter='(&amp;(package=com.soa.contracts.model)(version&gt;=7.0.0))' multiple='false' name='package' optional='false'>
      Import package com.soa.contracts.model ;version=7.0.0
    </require>
    <require extend='false' filter='(&amp;(package=com.soa.fw.model)(version&gt;=7.0.0))' multiple='false' name='package' optional='false'>
      Import package com.soa.fw.model ;version=7.0.0
    </require>
    <require extend='false' filter='(&amp;(package=com.soa.fw.model.util)(version&gt;=7.0.0))' multiple='false' name='package' optional='false'>
      Import package com.soa.fw.model.util ;version=7.0.0
    </require>
    <require extend='false' filter='(&amp;(package=com.soa.fw.util)(version&gt;=7.0.0))' multiple='false' name='package' optional='false'>
      Import package com.soa.fw.util ;version=7.0.0
    </require>
    <require extend='false' filter='(&amp;(package=com.soa.message)(version&gt;=7.0.0))' multiple='false' name='package' optional='false'>
      Import package com.soa.message ;version=7.0.0
    </require>
    <require extend='false' filter='(&amp;(package=com.soa.model)(version&gt;=7.0.0))' multiple='false' name='package' optional='false'>
      Import package com.soa.model ;version=7.0.0
    </require>
    <require extend='false' filter='(&amp;(package=com.soa.organization)(version&gt;=7.0.0))' multiple='false' name='package' optional='false'>
      Import package com.soa.organization ;version=7.0.0
    </require>
    <require extend='false' filter='(&amp;(package=com.soa.organization.model)(version&gt;=7.0.0))' multiple='false' name='package' optional='false'>
      Import package com.soa.organization.model ;version=7.0.0
    </require>
    <require extend='false' filter='(&amp;(package=com.soa.policy.config)(version&gt;=7.0.0))' multiple='false' name='package' optional='false'>
      Import package com.soa.policy.config ;version=7.0.0
    </require>
    <require extend='false' filter='(&amp;(package=com.soa.policy.config.model)(version&gt;=6.0.0))' multiple='false' name='package' optional='false'>
      Import package com.soa.policy.config.model ;version=6.0.0
    </require>
    <require extend='false' filter='(&amp;(package=com.soa.policy.opscript.handler)(version&gt;=7.0.0))' multiple='false' name='package' optional='false'>
      Import package com.soa.policy.opscript.handler ;version=7.0.0
    </require>
    <require extend='false' filter='(&amp;(package=com.soa.policy.quota)(version&gt;=7.0.0))' multiple='false' name='package' optional='false'>
      Import package com.soa.policy.quota ;version=7.0.0
    </require>
    <require extend='false' filter='(&amp;(package=com.soa.policy.quota.bandwidth)(version&gt;=7.0.0))' multiple='false' name='package' optional='false'>
      Import package com.soa.policy.quota.bandwidth ;version=7.0.0
    </require>
    <require extend='false' filter='(&amp;(package=com.soa.policy.quota.bandwidth.handler)(version&gt;=7.0.0))' multiple='false' name='package' optional='false'>
      Import package com.soa.policy.quota.bandwidth.handler ;version=7.0.0
    </require>
    <require extend='false' filter='(&amp;(package=com.soa.policy.quota.concurrency.handler)(version&gt;=7.0.0))' multiple='false' name='package' optional='false'>
      Import package com.soa.policy.quota.concurrency.handler ;version=7.0.0
    </require>
    <require extend='false' filter='(&amp;(package=com.soa.policy.quota.sla)(version&gt;=7.0.0))' multiple='false' name='package' optional='false'>
      Import package com.soa.policy.quota.sla ;version=7.0.0
    </require>
    <require extend='false' filter='(&amp;(package=com.soa.policy.quota.throughput)(version&gt;=7.0.0))' multiple='false' name='package' optional='false'>
      Import package com.soa.policy.quota.throughput ;version=7.0.0
    </require>
    <require extend='false' filter='(&amp;(package=com.soa.policy.quota.throughput.handler)(version&gt;=7.0.0))' multiple='false' name='package' optional='false'>
      Import package com.soa.policy.quota.throughput.handler ;version=7.0.0
    </require>
    <require extend='false' filter='(&amp;(package=com.soa.policy.quota.timeout.handler)(version&gt;=7.0.0))' multiple='false' name='package' optional='false'>
      Import package com.soa.policy.quota.timeout.handler ;version=7.0.0
    </require>
    <require extend='false' filter='(&amp;(package=com.soa.policy.script)(version&gt;=7.0.0))' multiple='false' name='package' optional='false'>
      Import package com.soa.policy.script ;version=7.0.0
    </require>
    <require extend='false' filter='(&amp;(package=com.soa.policy.script.function)(version&gt;=7.0.0))' multiple='false' name='package' optional='false'>
      Import package com.soa.policy.script.function ;version=7.0.0
    </require>
    <require extend='false' filter='(&amp;(package=com.soa.policy.wspolicy)(version&gt;=7.0.0))' multiple='false' name='package' optional='false'>
      Import package com.soa.policy.wspolicy ;version=7.0.0
    </require>
    <require extend='false' filter='(&amp;(package=com.soa.script.frameworks)(version&gt;=6.0.1))' multiple='false' name='package' optional='false'>
      Import package com.soa.script.frameworks ;version=6.0.1
    </require>
    <require extend='false' filter='(&amp;(package=com.soa.scripts)(version&gt;=7.0.0))' multiple='false' name='package' optional='false'>
      Import package com.soa.scripts ;version=7.0.0
    </require>
    <require extend='false' filter='(&amp;(package=com.soa.transport.http.deploy)(version&gt;=7.0.0))' multiple='false' name='package' optional='false'>
      Import package com.soa.transport.http.deploy ;version=7.0.0
    </require>
    <require extend='false' filter='(&amp;(package=com.soa.transport.http.deploy.impl)(version&gt;=7.0.0))' multiple='false' name='package' optional='false'>
      Import package com.soa.transport.http.deploy.impl ;version=7.0.0
    </require>
    <require extend='false' filter='(&amp;(package=javax.crypto)(version&gt;=0.0.0))' multiple='false' name='package' optional='false'>
      Import package javax.crypto
    </require>
    <require extend='false' filter='(&amp;(package=javax.faces)(version&gt;=1.1.3))' multiple='false' name='package' optional='false'>
      Import package javax.faces ;version=1.1.3
    </require>
    <require extend='false' filter='(&amp;(package=javax.faces.application)(version&gt;=1.1.3))' multiple='false' name='package' optional='false'>
      Import package javax.faces.application ;version=1.1.3
    </require>
    <require extend='false' filter='(&amp;(package=javax.faces.component)(version&gt;=1.1.3))' multiple='false' name='package' optional='false'>
      Import package javax.faces.component ;version=1.1.3
    </require>
    <require extend='false' filter='(&amp;(package=javax.faces.component.html)(version&gt;=1.1.3))' multiple='false' name='package' optional='false'>
      Import package javax.faces.component.html ;version=1.1.3
    </require>
    <require extend='false' filter='(&amp;(package=javax.faces.context)(version&gt;=1.1.3))' multiple='false' name='package' optional='false'>
      Import package javax.faces.context ;version=1.1.3
    </require>
    <require extend='false' filter='(&amp;(package=javax.faces.el)(version&gt;=1.1.3))' multiple='false' name='package' optional='false'>
      Import package javax.faces.el ;version=1.1.3
    </require>
    <require extend='false' filter='(&amp;(package=javax.faces.event)(version&gt;=1.1.3))' multiple='false' name='package' optional='false'>
      Import package javax.faces.event ;version=1.1.3
    </require>
    <require extend='false' filter='(&amp;(package=javax.faces.lifecycle)(version&gt;=1.1.3))' multiple='false' name='package' optional='false'>
      Import package javax.faces.lifecycle ;version=1.1.3
    </require>
    <require extend='false' filter='(&amp;(package=javax.faces.model)(version&gt;=1.1.3))' multiple='false' name='package' optional='false'>
      Import package javax.faces.model ;version=1.1.3
    </require>
    <require extend='false' filter='(&amp;(package=javax.faces.validator)(version&gt;=1.1.3))' multiple='false' name='package' optional='false'>
      Import package javax.faces.validator ;version=1.1.3
    </require>
    <require extend='false' filter='(&amp;(package=javax.faces.webapp)(version&gt;=1.1.3))' multiple='false' name='package' optional='false'>
      Import package javax.faces.webapp ;version=1.1.3
    </require>
    <require extend='false' filter='(&amp;(package=javax.portlet)(version&gt;=0.0.0))' multiple='false' name='package' optional='false'>
      Import package javax.portlet
    </require>
    <require extend='false' filter='(&amp;(package=javax.script)(version&gt;=0.0.0))' multiple='false' name='package' optional='false'>
      Import package javax.script
    </require>
    <require extend='false' filter='(&amp;(package=javax.servlet)(version&gt;=2.4.0))' multiple='false' name='package' optional='false'>
      Import package javax.servlet ;version=2.4.0
    </require>
    <require extend='false' filter='(&amp;(package=javax.servlet.http)(version&gt;=2.4.0))' multiple='false' name='package' optional='false'>
      Import package javax.servlet.http ;version=2.4.0
    </require>
    <require extend='false' filter='(&amp;(package=javax.servlet.jsp)(version&gt;=2.1.0))' multiple='false' name='package' optional='false'>
      Import package javax.servlet.jsp ;version=2.1.0
    </require>
    <require extend='false' filter='(&amp;(package=javax.servlet.jsp.el)(version&gt;=2.1.0))' multiple='false' name='package' optional='false'>
      Import package javax.servlet.jsp.el ;version=2.1.0
    </require>
    <require extend='false' filter='(&amp;(package=javax.servlet.jsp.jstl.core)(version&gt;=1.1.2))' multiple='false' name='package' optional='false'>
      Import package javax.servlet.jsp.jstl.core ;version=1.1.2
    </require>
    <require extend='false' filter='(&amp;(package=javax.servlet.jsp.jstl.fmt)(version&gt;=1.1.2))' multiple='false' name='package' optional='false'>
      Import package javax.servlet.jsp.jstl.fmt ;version=1.1.2
    </require>
    <require extend='false' filter='(&amp;(package=javax.servlet.jsp.jstl.sql)(version&gt;=1.1.2))' multiple='false' name='package' optional='false'>
      Import package javax.servlet.jsp.jstl.sql ;version=1.1.2
    </require>
    <require extend='false' filter='(&amp;(package=javax.servlet.jsp.jstl.tlv)(version&gt;=1.1.2))' multiple='false' name='package' optional='false'>
      Import package javax.servlet.jsp.jstl.tlv ;version=1.1.2
    </require>
    <require extend='false' filter='(&amp;(package=javax.servlet.jsp.resources)(version&gt;=2.1.0))' multiple='false' name='package' optional='false'>
      Import package javax.servlet.jsp.resources ;version=2.1.0
    </require>
    <require extend='false' filter='(&amp;(package=javax.servlet.jsp.tagext)(version&gt;=2.1.0))' multiple='false' name='package' optional='false'>
      Import package javax.servlet.jsp.tagext ;version=2.1.0
    </require>
    <require extend='false' filter='(&amp;(package=javax.servlet.resources)(version&gt;=2.4.0))' multiple='false' name='package' optional='false'>
      Import package javax.servlet.resources ;version=2.4.0
    </require>
    <require extend='false' filter='(&amp;(package=javax.xml.bind)(version&gt;=2.1.7))' multiple='false' name='package' optional='false'>
      Import package javax.xml.bind ;version=2.1.7
    </require>
    <require extend='false' filter='(&amp;(package=javax.xml.namespace)(version&gt;=0.0.0))' multiple='false' name='package' optional='false'>
      Import package javax.xml.namespace
    </require>
    <require extend='false' filter='(&amp;(package=org.apache.commons.beanutils)(version&gt;=0.0.0))' multiple='false' name='package' optional='false'>
      Import package org.apache.commons.beanutils
    </require>
    <require extend='false' filter='(&amp;(package=org.apache.commons.codec.binary)(version&gt;=1.3.0))' multiple='false' name='package' optional='false'>
      Import package org.apache.commons.codec.binary ;version=1.3.0
    </require>
    <require extend='false' filter='(&amp;(package=org.apache.commons.collections.map)(version&gt;=0.0.0))' multiple='false' name='package' optional='false'>
      Import package org.apache.commons.collections.map
    </require>
    <require extend='false' filter='(&amp;(package=org.apache.commons.digester)(version&gt;=1.8.0))' multiple='false' name='package' optional='false'>
      Import package org.apache.commons.digester ;version=1.8.0
    </require>
    <require extend='false' filter='(&amp;(package=org.apache.commons.el)(version&gt;=1.0.0))' multiple='false' name='package' optional='false'>
      Import package org.apache.commons.el ;version=1.0.0
    </require>
    <require extend='false' filter='(&amp;(package=org.apache.commons.el.parser)(version&gt;=1.0.0))' multiple='false' name='package' optional='false'>
      Import package org.apache.commons.el.parser ;version=1.0.0
    </require>
    <require extend='false' filter='(&amp;(package=org.apache.commons.lang.builder)(version&gt;=0.0.0))' multiple='false' name='package' optional='false'>
      Import package org.apache.commons.lang.builder
    </require>
    <require extend='false' filter='(&amp;(package=org.apache.commons.logging)(version&gt;=1.1.1))' multiple='false' name='package' optional='false'>
      Import package org.apache.commons.logging ;version=1.1.1
    </require>
    <require extend='false' filter='(&amp;(package=org.apache.jasper.runtime)(version&gt;=0.0.0))' multiple='false' name='package' optional='false'>
      Import package org.apache.jasper.runtime
    </require>
    <require extend='false' filter='(&amp;(package=org.apache.myfaces.config)(version&gt;=1.1.3))' multiple='false' name='package' optional='false'>
      Import package org.apache.myfaces.config ;version=1.1.3
    </require>
    <require extend='false' filter='(&amp;(package=org.apache.myfaces.config.impl.digester.elements)(version&gt;=1.1.3))' multiple='false' name='package' optional='false'>
      Import package org.apache.myfaces.config.impl.digester.elements
       ;version=1.1.3
    </require>
    <require extend='false' filter='(&amp;(package=org.apache.myfaces.context.servlet)(version&gt;=1.1.3))' multiple='false' name='package' optional='false'>
      Import package org.apache.myfaces.context.servlet ;version=1.1.3
    </require>
    <require extend='false' filter='(&amp;(package=org.apache.myfaces.custom)(version&gt;=0.0.0))' multiple='false' name='package' optional='false'>
      Import package org.apache.myfaces.custom
    </require>
    <require extend='false' filter='(&amp;(package=org.apache.myfaces.custom.column)(version&gt;=0.0.0))' multiple='false' name='package' optional='false'>
      Import package org.apache.myfaces.custom.column
    </require>
    <require extend='false' filter='(&amp;(package=org.apache.myfaces.custom.savestate)(version&gt;=0.0.0))' multiple='false' name='package' optional='false'>
      Import package org.apache.myfaces.custom.savestate
    </require>
    <require extend='false' filter='(&amp;(package=org.apache.myfaces.el)(version&gt;=1.1.3))' multiple='false' name='package' optional='false'>
      Import package org.apache.myfaces.el ;version=1.1.3
    </require>
    <require extend='false' filter='(&amp;(package=org.apache.myfaces.renderkit.html.util)(version&gt;=0.0.0))' multiple='false' name='package' optional='false'>
      Import package org.apache.myfaces.renderkit.html.util
    </require>
    <require extend='false' filter='(&amp;(package=org.apache.myfaces.taglib.core)(version&gt;=1.1.3))' multiple='false' name='package' optional='false'>
      Import package org.apache.myfaces.taglib.core ;version=1.1.3
    </require>
    <require extend='false' filter='(&amp;(package=org.apache.myfaces.taglib.html)(version&gt;=1.1.3))' multiple='false' name='package' optional='false'>
      Import package org.apache.myfaces.taglib.html ;version=1.1.3
    </require>
    <require extend='false' filter='(&amp;(package=org.apache.myfaces.taglib.html.ext)(version&gt;=0.0.0))' multiple='false' name='package' optional='false'>
      Import package org.apache.myfaces.taglib.html.ext
    </require>
    <require extend='false' filter='(&amp;(package=org.apache.struts)(version&gt;=1.2.9))' multiple='false' name='package' optional='false'>
      Import package org.apache.struts ;version=1.2.9
    </require>
    <require extend='false' filter='(&amp;(package=org.apache.struts.taglib)(version&gt;=1.2.9))' multiple='false' name='package' optional='false'>
      Import package org.apache.struts.taglib ;version=1.2.9
    </require>
    <require extend='false' filter='(&amp;(package=org.apache.struts.taglib.bean)(version&gt;=1.2.9))' multiple='false' name='package' optional='false'>
      Import package org.apache.struts.taglib.bean ;version=1.2.9
    </require>
    <require extend='false' filter='(&amp;(package=org.apache.struts.util)(version&gt;=1.2.9))' multiple='false' name='package' optional='false'>
      Import package org.apache.struts.util ;version=1.2.9
    </require>
    <require extend='false' filter='(&amp;(package=org.apache.taglibs.standard.tag.common.core)(version&gt;=1.1.2))' multiple='false' name='package' optional='false'>
      Import package org.apache.taglibs.standard.tag.common.core
       ;version=1.1.2
    </require>
    <require extend='false' filter='(&amp;(package=org.apache.taglibs.standard.tag.common.fmt)(version&gt;=1.1.2))' multiple='false' name='package' optional='false'>
      Import package org.apache.taglibs.standard.tag.common.fmt ;version=1.1.2
    </require>
    <require extend='false' filter='(&amp;(package=org.apache.taglibs.standard.tag.el.core)(version&gt;=1.1.2))' multiple='false' name='package' optional='false'>
      Import package org.apache.taglibs.standard.tag.el.core ;version=1.1.2
    </require>
    <require extend='false' filter='(&amp;(package=org.apache.taglibs.standard.tag.el.fmt)(version&gt;=1.1.2))' multiple='false' name='package' optional='false'>
      Import package org.apache.taglibs.standard.tag.el.fmt ;version=1.1.2
    </require>
    <require extend='false' filter='(&amp;(package=org.eclipse.gemini.blueprint.context)(version&gt;=1.0.2))' multiple='false' name='package' optional='false'>
      Import package org.eclipse.gemini.blueprint.context ;version=1.0.2
    </require>
    <require extend='false' filter='(&amp;(package=org.osgi.framework)(version&gt;=0.0.0))' multiple='false' name='package' optional='false'>
      Import package org.osgi.framework
    </require>
    <require extend='false' filter='(&amp;(package=org.owasp.csrfguard.tag)(version&gt;=0.0.0))' multiple='false' name='package' optional='false'>
      Import package org.owasp.csrfguard.tag
    </require>
    <require extend='false' filter='(&amp;(package=org.springframework.beans)(version&gt;=2.5.0))' multiple='false' name='package' optional='false'>
      Import package org.springframework.beans ;version=2.5.0
    </require>
    <require extend='false' filter='(&amp;(package=org.springframework.beans.factory)(version&gt;=2.5.0))' multiple='false' name='package' optional='false'>
      Import package org.springframework.beans.factory ;version=2.5.0
    </require>
    <require extend='false' filter='(&amp;(package=org.springframework.beans.factory.access)(version&gt;=2.5.0))' multiple='false' name='package' optional='false'>
      Import package org.springframework.beans.factory.access ;version=2.5.0
    </require>
    <require extend='false' filter='(&amp;(package=org.springframework.beans.factory.config)(version&gt;=0.0.0))' multiple='false' name='package' optional='false'>
      Import package org.springframework.beans.factory.config
    </require>
    <require extend='false' filter='(&amp;(package=org.springframework.core)(version&gt;=2.5.0))' multiple='false' name='package' optional='false'>
      Import package org.springframework.core ;version=2.5.0
    </require>
  </resource>
  <resource id='com.soa.policy.handler.opscript/7.2.90' presentationname='Akana PSO Tech Preview of Scripted Operational Policies' symbolicname='com.soa.policy.handler.opscript' uri='file:com.soa.policy.handler.opscript_7.2.9990.jar' version='7.2.90'>
    <size>
      21554
    </size>
    <capability name='bundle'>
      <p n='manifestversion' v='2'/>
      <p n='presentationname' v='Akana PSO Tech Preview of Scripted Operational Policies'/>
      <p n='symbolicname' v='com.soa.policy.handler.opscript'/>
      <p n='version' t='version' v='7.2.90'/>
    </capability>
    <capability name='package'>
      <p n='package' v='com.soa.policy.opscript.handler'/>
      <p n='version' t='version' v='7.2.90'/>
    </capability>
    <capability name='package'>
      <p n='package' v='com.soa.policy.template.opscript'/>
      <p n='version' t='version' v='7.2.90'/>
    </capability>
    <require extend='false' filter='(&amp;(symbolicname=com.soa.script.frameworks)(version&gt;=7.2.0))' multiple='false' name='bundle' optional='false'>
      Require Bundle com.soa.script.frameworks; 7.2.0
    </require>
    <require extend='false' filter='(&amp;(package=com.digev.am.clientsdk)(version&gt;=7.0.0))' multiple='false' name='package' optional='false'>
      Import package com.digev.am.clientsdk ;version=7.0.0
    </require>
    <require extend='false' filter='(&amp;(package=com.digev.am.common)(version&gt;=7.0.0))' multiple='false' name='package' optional='false'>
      Import package com.digev.am.common ;version=7.0.0
    </require>
    <require extend='false' filter='(&amp;(package=com.digev.am.model.alerts)(version&gt;=7.0.0))' multiple='false' name='package' optional='false'>
      Import package com.digev.am.model.alerts ;version=7.0.0
    </require>
    <require extend='false' filter='(&amp;(package=com.digev.am.transport)(version&gt;=7.0.0))' multiple='false' name='package' optional='false'>
      Import package com.digev.am.transport ;version=7.0.0
    </require>
    <require extend='false' filter='(&amp;(package=com.digev.am.transport.alert)(version&gt;=7.0.0))' multiple='false' name='package' optional='false'>
      Import package com.digev.am.transport.alert ;version=7.0.0
    </require>
    <require extend='false' filter='(&amp;(package=com.digev.fw.cache.generic)(version&gt;=7.0.0))' multiple='false' name='package' optional='false'>
      Import package com.digev.fw.cache.generic ;version=7.0.0
    </require>
    <require extend='false' filter='(&amp;(package=com.digev.fw.dems.xml)(version&gt;=7.0.0))' multiple='false' name='package' optional='false'>
      Import package com.digev.fw.dems.xml ;version=7.0.0
    </require>
    <require extend='false' filter='(&amp;(package=com.digev.fw.exception)(version&gt;=7.0.0))' multiple='false' name='package' optional='false'>
      Import package com.digev.fw.exception ;version=7.0.0
    </require>
    <require extend='false' filter='(&amp;(package=com.digev.fw.log)(version&gt;=7.0.0))' multiple='false' name='package' optional='false'>
      Import package com.digev.fw.log ;version=7.0.0
    </require>
    <require extend='false' filter='(&amp;(package=com.digev.fw.message)(version&gt;=7.0.0))' multiple='false' name='package' optional='false'>
      Import package com.digev.fw.message ;version=7.0.0
    </require>
    <require extend='false' filter='(&amp;(package=com.digev.fw.util)(version&gt;=7.0.0))' multiple='false' name='package' optional='false'>
      Import package com.digev.fw.util ;version=7.0.0
    </require>
    <require extend='false' filter='(&amp;(package=com.digev.fw.util.uuid.providor2)(version&gt;=7.0.0))' multiple='false' name='package' optional='false'>
      Import package com.digev.fw.util.uuid.providor2 ;version=7.0.0
    </require>
    <require extend='false' filter='(&amp;(package=com.digev.fw.xml)(version&gt;=7.0.0))' multiple='false' name='package' optional='false'>
      Import package com.digev.fw.xml ;version=7.0.0
    </require>
    <require extend='false' filter='(&amp;(package=com.digev.fw.xml.util)(version&gt;=7.0.0))' multiple='false' name='package' optional='false'>
      Import package com.digev.fw.xml.util ;version=7.0.0
    </require>
    <require extend='false' filter='(&amp;(package=com.digev.fw.xpath)(version&gt;=7.0.0))' multiple='false' name='package' optional='false'>
      Import package com.digev.fw.xpath ;version=7.0.0
    </require>
    <require extend='false' filter='(&amp;(package=com.digev.pm.clientsdk)(version&gt;=7.0.0))' multiple='false' name='package' optional='false'>
      Import package com.digev.pm.clientsdk ;version=7.0.0
    </require>
    <require extend='false' filter='(&amp;(package=com.soa.admin.service.tasks)(version&gt;=7.0.0))' multiple='false' name='package' optional='false'>
      Import package com.soa.admin.service.tasks ;version=7.0.0
    </require>
    <require extend='false' filter='(&amp;(package=com.soa.admin.service.tasks.impl)(version&gt;=7.0.0))' multiple='false' name='package' optional='false'>
      Import package com.soa.admin.service.tasks.impl ;version=7.0.0
    </require>
    <require extend='false' filter='(&amp;(package=com.soa.admin.service.tasktemplate)(version&gt;=7.0.0))' multiple='false' name='package' optional='false'>
      Import package com.soa.admin.service.tasktemplate ;version=7.0.0
    </require>
    <require extend='false' filter='(&amp;(package=com.soa.admin.service.tasktemplate.impl)(version&gt;=7.0.0))' multiple='false' name='package' optional='false'>
      Import package com.soa.admin.service.tasktemplate.impl ;version=7.0.0
    </require>
    <require extend='false' filter='(&amp;(package=com.soa.admin.task.spring)(version&gt;=7.0.0))' multiple='false' name='package' optional='false'>
      Import package com.soa.admin.task.spring ;version=7.0.0
    </require>
    <require extend='false' filter='(&amp;(package=com.soa.alert.reporter)(version&gt;=7.0.0))' multiple='false' name='package' optional='false'>
      Import package com.soa.alert.reporter ;version=7.0.0
    </require>
    <require extend='false' filter='(&amp;(package=com.soa.alert.reporter.impl)(version&gt;=7.0.0))' multiple='false' name='package' optional='false'>
      Import package com.soa.alert.reporter.impl ;version=7.0.0
    </require>
    <require extend='false' filter='(&amp;(package=com.soa.alert.reporter.script)(version&gt;=7.0.0))' multiple='false' name='package' optional='false'>
      Import package com.soa.alert.reporter.script ;version=7.0.0
    </require>
    <require extend='false' filter='(&amp;(package=com.soa.am.model)(version&gt;=7.0.0))' multiple='false' name='package' optional='false'>
      Import package com.soa.am.model ;version=7.0.0
    </require>
    <require extend='false' filter='(&amp;(package=com.soa.am.transport.alert)(version&gt;=7.0.0))' multiple='false' name='package' optional='false'>
      Import package com.soa.am.transport.alert ;version=7.0.0
    </require>
    <require extend='false' filter='(&amp;(package=com.soa.audit.script)(version&gt;=7.0.0))' multiple='false' name='package' optional='false'>
      Import package com.soa.audit.script ;version=7.0.0
    </require>
    <require extend='false' filter='(&amp;(package=com.soa.auz)(version&gt;=7.0.0))' multiple='false' name='package' optional='false'>
      Import package com.soa.auz ;version=7.0.0
    </require>
    <require extend='false' filter='(&amp;(package=com.soa.container.configuration.scripting.model)(version&gt;=7.0.0))' multiple='false' name='package' optional='false'>
      Import package com.soa.container.configuration.scripting.model
       ;version=7.0.0
    </require>
    <require extend='false' filter='(&amp;(package=com.soa.container.script.repository)(version&gt;=7.0.0))' multiple='false' name='package' optional='false'>
      Import package com.soa.container.script.repository ;version=7.0.0
    </require>
    <require extend='false' filter='(&amp;(package=com.soa.contracts)(version&gt;=7.0.0))' multiple='false' name='package' optional='false'>
      Import package com.soa.contracts ;version=7.0.0
    </require>
    <require extend='false' filter='(&amp;(package=com.soa.contracts.alert)(version&gt;=7.0.0))' multiple='false' name='package' optional='false'>
      Import package com.soa.contracts.alert ;version=7.0.0
    </require>
    <require extend='false' filter='(&amp;(package=com.soa.fw.bind)(version&gt;=7.0.0))' multiple='false' name='package' optional='false'>
      Import package com.soa.fw.bind ;version=7.0.0
    </require>
    <require extend='false' filter='(&amp;(package=com.soa.fw.bind.jaxb)(version&gt;=7.0.0))' multiple='false' name='package' optional='false'>
      Import package com.soa.fw.bind.jaxb ;version=7.0.0
    </require>
    <require extend='false' filter='(&amp;(package=com.soa.fw.util)(version&gt;=7.0.0))' multiple='false' name='package' optional='false'>
      Import package com.soa.fw.util ;version=7.0.0
    </require>
    <require extend='false' filter='(&amp;(package=com.soa.io)(version&gt;=7.0.0))' multiple='false' name='package' optional='false'>
      Import package com.soa.io ;version=7.0.0
    </require>
    <require extend='false' filter='(&amp;(package=com.soa.log)(version&gt;=7.0.0))' multiple='false' name='package' optional='false'>
      Import package com.soa.log ;version=7.0.0
    </require>
    <require extend='false' filter='(&amp;(package=com.soa.message)(version&gt;=7.0.0))' multiple='false' name='package' optional='false'>
      Import package com.soa.message ;version=7.0.0
    </require>
    <require extend='false' filter='(&amp;(package=com.soa.message.handler)(version&gt;=7.0.0))' multiple='false' name='package' optional='false'>
      Import package com.soa.message.handler ;version=7.0.0
    </require>
    <require extend='false' filter='(&amp;(package=com.soa.message.handler.contract)(version&gt;=7.0.0))' multiple='false' name='package' optional='false'>
      Import package com.soa.message.handler.contract ;version=7.0.0
    </require>
    <require extend='false' filter='(&amp;(package=com.soa.message.handler.script)(version&gt;=7.0.0))' multiple='false' name='package' optional='false'>
      Import package com.soa.message.handler.script ;version=7.0.0
    </require>
    <require extend='false' filter='(&amp;(package=com.soa.message.header)(version&gt;=7.0.0))' multiple='false' name='package' optional='false'>
      Import package com.soa.message.header ;version=7.0.0
    </require>
    <require extend='false' filter='(&amp;(package=com.soa.message.header.impl)(version&gt;=7.0.0))' multiple='false' name='package' optional='false'>
      Import package com.soa.message.header.impl ;version=7.0.0
    </require>
    <require extend='false' filter='(&amp;(package=com.soa.message.script)(version&gt;=7.0.0))' multiple='false' name='package' optional='false'>
      Import package com.soa.message.script ;version=7.0.0
    </require>
    <require extend='false' filter='(&amp;(package=com.soa.message.xml)(version&gt;=7.0.0))' multiple='false' name='package' optional='false'>
      Import package com.soa.message.xml ;version=7.0.0
    </require>
    <require extend='false' filter='(&amp;(package=com.soa.messenger.wsf)(version&gt;=7.2.0))' multiple='false' name='package' optional='false'>
      Import package com.soa.messenger.wsf ;version=7.2.0
    </require>
    <require extend='false' filter='(&amp;(package=com.soa.messenger.wsf.script)(version&gt;=7.2.0))' multiple='false' name='package' optional='false'>
      Import package com.soa.messenger.wsf.script ;version=7.2.0
    </require>
    <require extend='false' filter='(&amp;(package=com.soa.model)(version&gt;=7.0.0))' multiple='false' name='package' optional='false'>
      Import package com.soa.model ;version=7.0.0
    </require>
    <require extend='false' filter='(&amp;(package=com.soa.osgi.util)(version&gt;=7.0.0))' multiple='false' name='package' optional='false'>
      Import package com.soa.osgi.util ;version=7.0.0
    </require>
    <require extend='false' filter='(&amp;(package=com.soa.policy)(version&gt;=7.0.0))' multiple='false' name='package' optional='false'>
      Import package com.soa.policy ;version=7.0.0
    </require>
    <require extend='false' filter='(&amp;(package=com.soa.policy.script)(version&gt;=7.0.0))' multiple='false' name='package' optional='false'>
      Import package com.soa.policy.script ;version=7.0.0
    </require>
    <require extend='false' filter='(&amp;(package=com.soa.policy.script.function)(version&gt;=7.2.1))' multiple='false' name='package' optional='false'>
      Import package com.soa.policy.script.function ;version=7.2.1
    </require>
    <require extend='false' filter='(&amp;(package=com.soa.policy.security)(version&gt;=7.0.0))' multiple='false' name='package' optional='false'>
      Import package com.soa.policy.security ;version=7.0.0
    </require>
    <require extend='false' filter='(&amp;(package=com.soa.policy.template)(version&gt;=7.0.0))' multiple='false' name='package' optional='false'>
      Import package com.soa.policy.template ;version=7.0.0
    </require>
    <require extend='false' filter='(&amp;(package=com.soa.policy.template.qos)(version&gt;=7.0.0))' multiple='false' name='package' optional='false'>
      Import package com.soa.policy.template.qos ;version=7.0.0
    </require>
    <require extend='false' filter='(&amp;(package=com.soa.policy.wspolicy)(version&gt;=7.0.0))' multiple='false' name='package' optional='false'>
      Import package com.soa.policy.wspolicy ;version=7.0.0
    </require>
    <require extend='false' filter='(&amp;(package=com.soa.policy.wspolicy.handler)(version&gt;=7.0.0))' multiple='false' name='package' optional='false'>
      Import package com.soa.policy.wspolicy.handler ;version=7.0.0
    </require>
    <require extend='false' filter='(&amp;(package=com.soa.policy.wspolicy.handler.ext)(version&gt;=7.0.0))' multiple='false' name='package' optional='false'>
      Import package com.soa.policy.wspolicy.handler.ext ;version=7.0.0
    </require>
    <require extend='false' filter='(&amp;(package=com.soa.policy.wspolicy.util)(version&gt;=7.0.0))' multiple='false' name='package' optional='false'>
      Import package com.soa.policy.wspolicy.util ;version=7.0.0
    </require>
    <require extend='false' filter='(&amp;(package=com.soa.scheduler)(version&gt;=7.0.0))' multiple='false' name='package' optional='false'>
      Import package com.soa.scheduler ;version=7.0.0
    </require>
    <require extend='false' filter='(&amp;(package=com.soa.scheduler.beans)(version&gt;=7.0.0))' multiple='false' name='package' optional='false'>
      Import package com.soa.scheduler.beans ;version=7.0.0
    </require>
    <require extend='false' filter='(&amp;(package=com.soa.security)(version&gt;=7.0.0))' multiple='false' name='package' optional='false'>
      Import package com.soa.security ;version=7.0.0
    </require>
    <require extend='false' filter='(&amp;(package=com.soa.security.util)(version&gt;=7.0.0))' multiple='false' name='package' optional='false'>
      Import package com.soa.security.util ;version=7.0.0
    </require>
    <require extend='false' filter='(&amp;(package=com.soa.service.alert)(version&gt;=7.0.0))' multiple='false' name='package' optional='false'>
      Import package com.soa.service.alert ;version=7.0.0
    </require>
    <require extend='false' filter='(&amp;(package=com.soa.service.model)(version&gt;=7.0.0))' multiple='false' name='package' optional='false'>
      Import package com.soa.service.model ;version=7.0.0
    </require>
    <require extend='false' filter='(&amp;(package=com.soa.sla.model)(version&gt;=7.0.0))' multiple='false' name='package' optional='false'>
      Import package com.soa.sla.model ;version=7.0.0
    </require>
    <require extend='false' filter='(&amp;(package=com.soa.soap.message)(version&gt;=7.0.0))' multiple='false' name='package' optional='false'>
      Import package com.soa.soap.message ;version=7.0.0
    </require>
    <require extend='false' filter='(&amp;(package=com.soa.transport.stream)(version&gt;=7.0.0))' multiple='false' name='package' optional='false'>
      Import package com.soa.transport.stream ;version=7.0.0
    </require>
    <require extend='false' filter='(&amp;(package=javax.activation)(version&gt;=0.0.0))' multiple='false' name='package' optional='false'>
      Import package javax.activation
    </require>
    <require extend='false' filter='(&amp;(package=javax.script)(version&gt;=0.0.0))' multiple='false' name='package' optional='false'>
      Import package javax.script
    </require>
    <require extend='false' filter='(&amp;(package=javax.security.auth)(version&gt;=0.0.0))' multiple='false' name='package' optional='false'>
      Import package javax.security.auth
    </require>
    <require extend='false' filter='(&amp;(package=javax.xml)(version&gt;=0.0.0))' multiple='false' name='package' optional='false'>
      Import package javax.xml
    </require>
    <require extend='false' filter='(&amp;(package=javax.xml.namespace)(version&gt;=0.0.0))' multiple='false' name='package' optional='false'>
      Import package javax.xml.namespace
    </require>
    <require extend='false' filter='(&amp;(package=javax.xml.parsers)(version&gt;=0.0.0))' multiple='false' name='package' optional='false'>
      Import package javax.xml.parsers
    </require>
    <require extend='false' filter='(&amp;(package=javax.xml.transform)(version&gt;=0.0.0))' multiple='false' name='package' optional='false'>
      Import package javax.xml.transform
    </require>
    <require extend='false' filter='(&amp;(package=javax.xml.transform.dom)(version&gt;=0.0.0))' multiple='false' name='package' optional='false'>
      Import package javax.xml.transform.dom
    </require>
    <require extend='false' filter='(&amp;(package=javax.xml.transform.sax)(version&gt;=0.0.0))' multiple='false' name='package' optional='false'>
      Import package javax.xml.transform.sax
    </require>
    <require extend='false' filter='(&amp;(package=javax.xml.transform.stream)(version&gt;=0.0.0))' multiple='false' name='package' optional='false'>
      Import package javax.xml.transform.stream
    </require>
    <require extend='false' filter='(&amp;(package=org.apache.commons.logging)(version&gt;=1.1.1))' multiple='false' name='package' optional='false'>
      Import package org.apache.commons.logging ;version=1.1.1
    </require>
    <require extend='false' filter='(&amp;(package=org.eclipse.gemini.blueprint.context)(version&gt;=1.0.2))' multiple='false' name='package' optional='false'>
      Import package org.eclipse.gemini.blueprint.context ;version=1.0.2
    </require>
    <require extend='false' filter='(&amp;(package=org.eclipse.gemini.blueprint.service.importer)(version&gt;=1.0.2))' multiple='false' name='package' optional='false'>
      Import package org.eclipse.gemini.blueprint.service.importer
       ;version=1.0.2
    </require>
    <require extend='false' filter='(&amp;(package=org.eclipse.gemini.blueprint.service.importer.support)(version&gt;=1.0.2))' multiple='false' name='package' optional='false'>
      Import package org.eclipse.gemini.blueprint.service.importer.support
       ;version=1.0.2
    </require>
    <require extend='false' filter='(&amp;(package=org.osgi.framework)(version&gt;=1.3.0))' multiple='false' name='package' optional='false'>
      Import package org.osgi.framework ;version=1.3.0
    </require>
    <require extend='false' filter='(&amp;(package=org.springframework.beans)(version&gt;=0.0.0))' multiple='false' name='package' optional='false'>
      Import package org.springframework.beans
    </require>
    <require extend='false' filter='(&amp;(package=org.springframework.beans.factory)(version&gt;=2.5.4))' multiple='false' name='package' optional='false'>
      Import package org.springframework.beans.factory ;version=2.5.4
    </require>
    <require extend='false' filter='(&amp;(package=org.w3c.dom)(version&gt;=0.0.0))' multiple='false' name='package' optional='false'>
      Import package org.w3c.dom
    </require>
    <require extend='false' filter='(&amp;(package=org.xml.sax)(version&gt;=0.0.0))' multiple='false' name='package' optional='false'>
      Import package org.xml.sax
    </require>
    <require extend='false' filter='(&amp;(package=org.xml.sax.helpers)(version&gt;=0.0.0))' multiple='false' name='package' optional='false'>
      Import package org.xml.sax.helpers
    </require>
  </resource>
  <resource id='com.soa.workflow/7.2.91' presentationname='SOA Software Workflow Engine' symbolicname='com.soa.workflow' uri='file:com.soa.workflow_7.2.9991.jar' version='7.2.91'>
    <size>
      271913
    </size>
    <capability name='bundle'>
      <p n='manifestversion' v='2'/>
      <p n='presentationname' v='SOA Software Workflow Engine'/>
      <p n='symbolicname' v='com.soa.workflow'/>
      <p n='version' t='version' v='7.2.91'/>
    </capability>
    <capability name='package'>
      <p n='package' v='com.soa.workflow'/>
      <p n='version' t='version' v='7.2.91'/>
    </capability>
    <capability name='package'>
      <p n='package' v='com.soa.workflow.dao'/>
      <p n='version' t='version' v='7.2.91'/>
    </capability>
    <capability name='package'>
      <p n='package' v='com.soa.workflow.deploy'/>
      <p n='version' t='version' v='7.2.91'/>
    </capability>
    <capability name='package'>
      <p n='package' v='com.soa.workflow.engine'/>
      <p n='version' t='version' v='7.2.91'/>
    </capability>
    <capability name='package'>
      <p n='package' v='com.soa.workflow.engine.adaptor'/>
      <p n='version' t='version' v='7.2.91'/>
    </capability>
    <capability name='package'>
      <p n='package' v='com.soa.workflow.event'/>
      <p n='version' t='version' v='7.2.91'/>
    </capability>
    <capability name='package'>
      <p n='package' v='com.soa.workflow.event.impl'/>
      <p n='version' t='version' v='7.2.91'/>
    </capability>
    <capability name='package'>
      <p n='package' v='com.soa.workflow.lib'/>
      <p n='version' t='version' v='7.2.91'/>
    </capability>
    <capability name='package'>
      <p n='package' v='com.soa.workflow.lib.osgi'/>
      <p n='version' t='version' v='7.2.91'/>
    </capability>
    <capability name='package'>
      <p n='package' v='com.soa.workflow.provision'/>
      <p n='version' t='version' v='7.2.91'/>
    </capability>
    <capability name='package'>
      <p n='package' v='com.soa.workflow.proxy.auz'/>
      <p n='version' t='version' v='7.2.91'/>
    </capability>
    <capability name='package'>
      <p n='package' v='com.soa.workflow.proxy.contracts'/>
      <p n='version' t='version' v='7.2.91'/>
    </capability>
    <capability name='package'>
      <p n='package' v='com.soa.workflow.proxy.identifierbinding'/>
      <p n='version' t='version' v='7.2.91'/>
    </capability>
    <capability name='package'>
      <p n='package' v='com.soa.workflow.proxy.metadataattachment'/>
      <p n='version' t='version' v='7.2.91'/>
    </capability>
    <capability name='package'>
      <p n='package' v='com.soa.workflow.proxy.operation'/>
      <p n='version' t='version' v='7.2.91'/>
    </capability>
    <capability name='package'>
      <p n='package' v='com.soa.workflow.proxy.policy'/>
      <p n='version' t='version' v='7.2.91'/>
    </capability>
    <capability name='package'>
      <p n='package' v='com.soa.workflow.proxy.search'/>
      <p n='version' t='version' v='7.2.91'/>
    </capability>
    <capability name='package'>
      <p n='package' v='com.soa.workflow.proxy.service'/>
      <p n='version' t='version' v='7.2.91'/>
    </capability>
    <capability name='package'>
      <p n='package' v='com.soa.workflow.proxy.service.dependency'/>
      <p n='version' t='version' v='7.2.91'/>
    </capability>
    <capability name='package'>
      <p n='package' v='com.soa.workflow.proxy.service.endpoint'/>
      <p n='version' t='version' v='7.2.91'/>
    </capability>
    <capability name='package'>
      <p n='package' v='com.soa.workflow.proxy.service.identity'/>
      <p n='version' t='version' v='7.2.91'/>
    </capability>
    <capability name='package'>
      <p n='package' v='com.soa.workflow.proxy.service.identityprofile'/>
      <p n='version' t='version' v='7.2.91'/>
    </capability>
    <capability name='package'>
      <p n='package' v='com.soa.workflow.proxy.serviceproperties'/>
      <p n='version' t='version' v='7.2.91'/>
    </capability>
    <capability name='package'>
      <p n='package' v='com.soa.workflow.proxy.wsdl.service'/>
      <p n='version' t='version' v='7.2.91'/>
    </capability>
    <capability name='package'>
      <p n='package' v='com.soa.workflow.proxy.wsdltechnote'/>
      <p n='version' t='version' v='7.2.91'/>
    </capability>
    <capability name='package'>
      <p n='package' v='com.soa.workflow.test'/>
      <p n='version' t='version' v='7.2.91'/>
    </capability>
    <capability name='package'>
      <p n='package' v='com.soa.workflow.validator'/>
      <p n='version' t='version' v='7.2.91'/>
    </capability>
    <require extend='false' filter='(&amp;(package=com.digev.fw.cache)(version&gt;=7.2.0))' multiple='false' name='package' optional='false'>
      Import package com.digev.fw.cache ;version=7.2.0
    </require>
    <require extend='false' filter='(&amp;(package=com.digev.fw.cache.generic)(version&gt;=6.0.0))' multiple='false' name='package' optional='false'>
      Import package com.digev.fw.cache.generic ;version=6.0.0
    </require>
    <require extend='false' filter='(&amp;(package=com.digev.fw.config)(version&gt;=6.0.0))' multiple='false' name='package' optional='false'>
      Import package com.digev.fw.config ;version=6.0.0
    </require>
    <require extend='false' filter='(&amp;(package=com.digev.fw.config.osgi)(version&gt;=6.0.0))' multiple='false' name='package' optional='false'>
      Import package com.digev.fw.config.osgi ;version=6.0.0
    </require>
    <require extend='false' filter='(&amp;(package=com.digev.fw.database)(version&gt;=6.0.0))' multiple='false' name='package' optional='false'>
      Import package com.digev.fw.database ;version=6.0.0
    </require>
    <require extend='false' filter='(&amp;(package=com.digev.fw.dems.database)(version&gt;=6.0.0))' multiple='false' name='package' optional='false'>
      Import package com.digev.fw.dems.database ;version=6.0.0
    </require>
    <require extend='false' filter='(&amp;(package=com.digev.fw.exception)(version&gt;=6.0.0))' multiple='false' name='package' optional='false'>
      Import package com.digev.fw.exception ;version=6.0.0
    </require>
    <require extend='false' filter='(&amp;(package=com.digev.fw.log)(version&gt;=6.0.0))' multiple='false' name='package' optional='false'>
      Import package com.digev.fw.log ;version=6.0.0
    </require>
    <require extend='false' filter='(&amp;(package=com.digev.fw.management)(version&gt;=6.0.0))' multiple='false' name='package' optional='false'>
      Import package com.digev.fw.management ;version=6.0.0
    </require>
    <require extend='false' filter='(&amp;(package=com.digev.fw.spring)(version&gt;=6.0.0))' multiple='false' name='package' optional='false'>
      Import package com.digev.fw.spring ;version=6.0.0
    </require>
    <require extend='false' filter='(&amp;(package=com.digev.fw.util)(version&gt;=6.0.0))' multiple='false' name='package' optional='false'>
      Import package com.digev.fw.util ;version=6.0.0
    </require>
    <require extend='false' filter='(&amp;(package=com.digev.pm.model.audit)(version&gt;=6.0.0))' multiple='false' name='package' optional='false'>
      Import package com.digev.pm.model.audit ;version=6.0.0
    </require>
    <require extend='false' filter='(&amp;(package=com.digev.rm.common.constants)(version&gt;=6.0.0))' multiple='false' name='package' optional='false'>
      Import package com.digev.rm.common.constants ;version=6.0.0
    </require>
    <require extend='false' filter='(&amp;(package=com.digev.rm.common.model)(version&gt;=6.0.0))' multiple='false' name='package' optional='false'>
      Import package com.digev.rm.common.model ;version=6.0.0
    </require>
    <require extend='false' filter='(&amp;(package=com.digev.rm.common.model.business)(version&gt;=6.0.0))' multiple='false' name='package' optional='false'>
      Import package com.digev.rm.common.model.business ;version=6.0.0
    </require>
    <require extend='false' filter='(&amp;(package=com.digev.rm.common.model.service)(version&gt;=6.0.0))' multiple='false' name='package' optional='false'>
      Import package com.digev.rm.common.model.service ;version=6.0.0
    </require>
    <require extend='false' filter='(&amp;(package=com.digev.rm.common.model.taxonomy)(version&gt;=6.0.0))' multiple='false' name='package' optional='false'>
      Import package com.digev.rm.common.model.taxonomy ;version=6.0.0
    </require>
    <require extend='false' filter='(&amp;(package=com.opensymphony.module.propertyset)(version&gt;=1.4.0))' multiple='false' name='package' optional='false'>
      Import package com.opensymphony.module.propertyset ;version=1.4.0
    </require>
    <require extend='false' filter='(&amp;(package=com.opensymphony.provider)(version&gt;=2.2.5))' multiple='false' name='package' optional='false'>
      Import package com.opensymphony.provider ;version=2.2.5
    </require>
    <require extend='false' filter='(&amp;(package=com.opensymphony.util)(version&gt;=2.2.5))' multiple='false' name='package' optional='false'>
      Import package com.opensymphony.util ;version=2.2.5
    </require>
    <require extend='false' filter='(&amp;(package=com.opensymphony.workflow)(version&gt;=2.9.0))' multiple='false' name='package' optional='false'>
      Import package com.opensymphony.workflow ;version=2.9.0
    </require>
    <require extend='false' filter='(&amp;(package=com.opensymphony.workflow.config)(version&gt;=2.9.0))' multiple='false' name='package' optional='false'>
      Import package com.opensymphony.workflow.config ;version=2.9.0
    </require>
    <require extend='false' filter='(&amp;(package=com.opensymphony.workflow.loader)(version&gt;=2.9.0))' multiple='false' name='package' optional='false'>
      Import package com.opensymphony.workflow.loader ;version=2.9.0
    </require>
    <require extend='false' filter='(&amp;(package=com.opensymphony.workflow.query)(version&gt;=2.9.0))' multiple='false' name='package' optional='false'>
      Import package com.opensymphony.workflow.query ;version=2.9.0
    </require>
    <require extend='false' filter='(&amp;(package=com.opensymphony.workflow.spi)(version&gt;=2.9.0))' multiple='false' name='package' optional='false'>
      Import package com.opensymphony.workflow.spi ;version=2.9.0
    </require>
    <require extend='false' filter='(&amp;(package=com.opensymphony.workflow.util)(version&gt;=2.9.0))' multiple='false' name='package' optional='false'>
      Import package com.opensymphony.workflow.util ;version=2.9.0
    </require>
    <require extend='false' filter='(&amp;(package=com.soa.auz)(version&gt;=6.0.0))' multiple='false' name='package' optional='false'>
      Import package com.soa.auz ;version=6.0.0
    </require>
    <require extend='false' filter='(&amp;(package=com.soa.auz.proxy)(version&gt;=6.0.0))' multiple='false' name='package' optional='false'>
      Import package com.soa.auz.proxy ;version=6.0.0
    </require>
    <require extend='false' filter='(&amp;(package=com.soa.auz.rbac)(version&gt;=6.0.0))' multiple='false' name='package' optional='false'>
      Import package com.soa.auz.rbac ;version=6.0.0
    </require>
    <require extend='false' filter='(&amp;(package=com.soa.auz.rbac.engine)(version&gt;=6.0.0))' multiple='false' name='package' optional='false'>
      Import package com.soa.auz.rbac.engine ;version=6.0.0
    </require>
    <require extend='false' filter='(&amp;(package=com.soa.auz.rbac.filter)(version&gt;=6.0.0))' multiple='false' name='package' optional='false'>
      Import package com.soa.auz.rbac.filter ;version=6.0.0
    </require>
    <require extend='false' filter='(&amp;(package=com.soa.auz.rbac.resource)(version&gt;=6.0.0))' multiple='false' name='package' optional='false'>
      Import package com.soa.auz.rbac.resource ;version=6.0.0
    </require>
    <require extend='false' filter='(&amp;(package=com.soa.auz.rules.model)(version&gt;=6.0.0))' multiple='false' name='package' optional='false'>
      Import package com.soa.auz.rules.model ;version=6.0.0
    </require>
    <require extend='false' filter='(&amp;(package=com.soa.common.filters)(version&gt;=6.0.0))' multiple='false' name='package' optional='false'>
      Import package com.soa.common.filters ;version=6.0.0
    </require>
    <require extend='false' filter='(&amp;(package=com.soa.comp)(version&gt;=6.0.0))' multiple='false' name='package' optional='false'>
      Import package com.soa.comp ;version=6.0.0
    </require>
    <require extend='false' filter='(&amp;(package=com.soa.comp.sequencer)(version&gt;=6.0.0))' multiple='false' name='package' optional='false'>
      Import package com.soa.comp.sequencer ;version=6.0.0
    </require>
    <require extend='false' filter='(&amp;(package=com.soa.container.configuration.managedendpoints.model)(version&gt;=6.0.0))' multiple='false' name='package' optional='false'>
      Import package com.soa.container.configuration.managedendpoints.model
       ;version=6.0.0
    </require>
    <require extend='false' filter='(&amp;(package=com.soa.container.configuration.virtualservices.model)(version&gt;=6.0.0))' multiple='false' name='package' optional='false'>
      Import package com.soa.container.configuration.virtualservices.model
       ;version=6.0.0
    </require>
    <require extend='false' filter='(&amp;(package=com.soa.container.lifecycle)(version&gt;=6.0.0))' multiple='false' name='package' optional='false'>
      Import package com.soa.container.lifecycle ;version=6.0.0
    </require>
    <require extend='false' filter='(&amp;(package=com.soa.container.lifecycle.event)(version&gt;=6.0.0))' multiple='false' name='package' optional='false'>
      Import package com.soa.container.lifecycle.event ;version=6.0.0
    </require>
    <require extend='false' filter='(&amp;(package=com.soa.contracts)(version&gt;=6.0.0))' multiple='false' name='package' optional='false'>
      Import package com.soa.contracts ;version=6.0.0
    </require>
    <require extend='false' filter='(&amp;(package=com.soa.contracts.model)(version&gt;=6.0.0))' multiple='false' name='package' optional='false'>
      Import package com.soa.contracts.model ;version=6.0.0
    </require>
    <require extend='false' filter='(&amp;(package=com.soa.entity)(version&gt;=6.0.0))' multiple='false' name='package' optional='false'>
      Import package com.soa.entity ;version=6.0.0
    </require>
    <require extend='false' filter='(&amp;(package=com.soa.entity.impl.db)(version&gt;=6.0.0))' multiple='false' name='package' optional='false'>
      Import package com.soa.entity.impl.db ;version=6.0.0
    </require>
    <require extend='false' filter='(&amp;(package=com.soa.fw.cache)(version&gt;=6.0.0))' multiple='false' name='package' optional='false'>
      Import package com.soa.fw.cache ;version=6.0.0
    </require>
    <require extend='false' filter='(&amp;(package=com.soa.fw.cache.impl)(version&gt;=6.0.0))' multiple='false' name='package' optional='false'>
      Import package com.soa.fw.cache.impl ;version=6.0.0
    </require>
    <require extend='false' filter='(&amp;(package=com.soa.fw.cache.util)(version&gt;=6.0.0))' multiple='false' name='package' optional='false'>
      Import package com.soa.fw.cache.util ;version=6.0.0
    </require>
    <require extend='false' filter='(&amp;(package=com.soa.fw.dao)(version&gt;=6.0.0))' multiple='false' name='package' optional='false'>
      Import package com.soa.fw.dao ;version=6.0.0
    </require>
    <require extend='false' filter='(&amp;(package=com.soa.fw.model)(version&gt;=6.0.0))' multiple='false' name='package' optional='false'>
      Import package com.soa.fw.model ;version=6.0.0
    </require>
    <require extend='false' filter='(&amp;(package=com.soa.fw.util)(version&gt;=6.0.0))' multiple='false' name='package' optional='false'>
      Import package com.soa.fw.util ;version=6.0.0
    </require>
    <require extend='false' filter='(&amp;(package=com.soa.mail)(version&gt;=6.0.0))' multiple='false' name='package' optional='false'>
      Import package com.soa.mail ;version=6.0.0
    </require>
    <require extend='false' filter='(&amp;(package=com.soa.mail.model)(version&gt;=6.0.0))' multiple='false' name='package' optional='false'>
      Import package com.soa.mail.model ;version=6.0.0
    </require>
    <require extend='false' filter='(&amp;(package=com.soa.message)(version&gt;=6.0.0))' multiple='false' name='package' optional='false'>
      Import package com.soa.message ;version=6.0.0
    </require>
    <require extend='false' filter='(&amp;(package=com.soa.metadata)(version&gt;=6.0.0))' multiple='false' name='package' optional='false'>
      Import package com.soa.metadata ;version=6.0.0
    </require>
    <require extend='false' filter='(&amp;(package=com.soa.metadata.model)(version&gt;=6.0.0))' multiple='false' name='package' optional='false'>
      Import package com.soa.metadata.model ;version=6.0.0
    </require>
    <require extend='false' filter='(&amp;(package=com.soa.metadata.services)(version&gt;=6.0.0))' multiple='false' name='package' optional='false'>
      Import package com.soa.metadata.services ;version=6.0.0
    </require>
    <require extend='false' filter='(&amp;(package=com.soa.metadata.services.container)(version&gt;=6.0.0))' multiple='false' name='package' optional='false'>
      Import package com.soa.metadata.services.container ;version=6.0.0
    </require>
    <require extend='false' filter='(&amp;(package=com.soa.metadata.services.resource)(version&gt;=6.0.0))' multiple='false' name='package' optional='false'>
      Import package com.soa.metadata.services.resource ;version=6.0.0
    </require>
    <require extend='false' filter='(&amp;(package=com.soa.metadataattachment)(version&gt;=6.0.0))' multiple='false' name='package' optional='false'>
      Import package com.soa.metadataattachment ;version=6.0.0
    </require>
    <require extend='false' filter='(&amp;(package=com.soa.model)(version&gt;=6.0.0))' multiple='false' name='package' optional='false'>
      Import package com.soa.model ;version=6.0.0
    </require>
    <require extend='false' filter='(&amp;(package=com.soa.model.impl)(version&gt;=6.0.0))' multiple='false' name='package' optional='false'>
      Import package com.soa.model.impl ;version=6.0.0
    </require>
    <require extend='false' filter='(&amp;(package=com.soa.model.resolver)(version&gt;=6.0.0))' multiple='false' name='package' optional='false'>
      Import package com.soa.model.resolver ;version=6.0.0
    </require>
    <require extend='false' filter='(&amp;(package=com.soa.ms.engine.model)(version&gt;=6.0.0))' multiple='false' name='package' optional='false'>
      Import package com.soa.ms.engine.model ;version=6.0.0
    </require>
    <require extend='false' filter='(&amp;(package=com.soa.organization)(version&gt;=6.0.0))' multiple='false' name='package' optional='false'>
      Import package com.soa.organization ;version=6.0.0
    </require>
    <require extend='false' filter='(&amp;(package=com.soa.organization.model)(version&gt;=6.0.0))' multiple='false' name='package' optional='false'>
      Import package com.soa.organization.model ;version=6.0.0
    </require>
    <require extend='false' filter='(&amp;(package=com.soa.pki)(version&gt;=6.0.0))' multiple='false' name='package' optional='false'>
      Import package com.soa.pki ;version=6.0.0
    </require>
    <require extend='false' filter='(&amp;(package=com.soa.policy.aggregate)(version&gt;=7.1.0))' multiple='false' name='package' optional='false'>
      Import package com.soa.policy.aggregate ;version=7.1.0
    </require>
    <require extend='false' filter='(&amp;(package=com.soa.policy.config)(version&gt;=7.0.0))' multiple='false' name='package' optional='false'>
      Import package com.soa.policy.config ;version=7.0.0
    </require>
    <require extend='false' filter='(&amp;(package=com.soa.policy.config.model)(version&gt;=6.0.0))' multiple='false' name='package' optional='false'>
      Import package com.soa.policy.config.model ;version=6.0.0
    </require>
    <require extend='false' filter='(&amp;(package=com.soa.process.bpel.def)(version&gt;=6.0.0))' multiple='false' name='package' optional='false'>
      Import package com.soa.process.bpel.def ;version=6.0.0
    </require>
    <require extend='false' filter='(&amp;(package=com.soa.process.bpel.def.ext)(version&gt;=6.0.0))' multiple='false' name='package' optional='false'>
      Import package com.soa.process.bpel.def.ext ;version=6.0.0
    </require>
    <require extend='false' filter='(&amp;(package=com.soa.process.bpel.def.plink)(version&gt;=6.0.0))' multiple='false' name='package' optional='false'>
      Import package com.soa.process.bpel.def.plink ;version=6.0.0
    </require>
    <require extend='false' filter='(&amp;(package=com.soa.scheduler)(version&gt;=6.0.0))' multiple='false' name='package' optional='false'>
      Import package com.soa.scheduler ;version=6.0.0
    </require>
    <require extend='false' filter='(&amp;(package=com.soa.scheduler.beans)(version&gt;=6.0.0))' multiple='false' name='package' optional='false'>
      Import package com.soa.scheduler.beans ;version=6.0.0
    </require>
    <require extend='false' filter='(&amp;(package=com.soa.search.manager)(version&gt;=6.0.0))' multiple='false' name='package' optional='false'>
      Import package com.soa.search.manager ;version=6.0.0
    </require>
    <require extend='false' filter='(&amp;(package=com.soa.security)(version&gt;=6.0.0))' multiple='false' name='package' optional='false'>
      Import package com.soa.security ;version=6.0.0
    </require>
    <require extend='false' filter='(&amp;(package=com.soa.security.session)(version&gt;=6.0.0))' multiple='false' name='package' optional='false'>
      Import package com.soa.security.session ;version=6.0.0
    </require>
    <require extend='false' filter='(&amp;(package=com.soa.security.util)(version&gt;=6.0.0))' multiple='false' name='package' optional='false'>
      Import package com.soa.security.util ;version=6.0.0
    </require>
    <require extend='false' filter='(&amp;(package=com.soa.service)(version&gt;=6.0.0))' multiple='false' name='package' optional='false'>
      Import package com.soa.service ;version=6.0.0
    </require>
    <require extend='false' filter='(&amp;(package=com.soa.service.dependency)(version&gt;=6.0.0))' multiple='false' name='package' optional='false'>
      Import package com.soa.service.dependency ;version=6.0.0
    </require>
    <require extend='false' filter='(&amp;(package=com.soa.service.endpoint)(version&gt;=6.0.0))' multiple='false' name='package' optional='false'>
      Import package com.soa.service.endpoint ;version=6.0.0
    </require>
    <require extend='false' filter='(&amp;(package=com.soa.service.endpoint.model)(version&gt;=6.0.0))' multiple='false' name='package' optional='false'>
      Import package com.soa.service.endpoint.model ;version=6.0.0
    </require>
    <require extend='false' filter='(&amp;(package=com.soa.service.identifierbinding)(version&gt;=6.0.0))' multiple='false' name='package' optional='false'>
      Import package com.soa.service.identifierbinding ;version=6.0.0
    </require>
    <require extend='false' filter='(&amp;(package=com.soa.service.identity)(version&gt;=6.0.0))' multiple='false' name='package' optional='false'>
      Import package com.soa.service.identity ;version=6.0.0
    </require>
    <require extend='false' filter='(&amp;(package=com.soa.service.identityprofile)(version&gt;=6.0.0))' multiple='false' name='package' optional='false'>
      Import package com.soa.service.identityprofile ;version=6.0.0
    </require>
    <require extend='false' filter='(&amp;(package=com.soa.service.model)(version&gt;=6.0.0))' multiple='false' name='package' optional='false'>
      Import package com.soa.service.model ;version=6.0.0
    </require>
    <require extend='false' filter='(&amp;(package=com.soa.service.operation)(version&gt;=6.0.0))' multiple='false' name='package' optional='false'>
      Import package com.soa.service.operation ;version=6.0.0
    </require>
    <require extend='false' filter='(&amp;(package=com.soa.service.operation.model)(version&gt;=6.0.0))' multiple='false' name='package' optional='false'>
      Import package com.soa.service.operation.model ;version=6.0.0
    </require>
    <require extend='false' filter='(&amp;(package=com.soa.service.policy)(version&gt;=6.0.0))' multiple='false' name='package' optional='false'>
      Import package com.soa.service.policy ;version=6.0.0
    </require>
    <require extend='false' filter='(&amp;(package=com.soa.serviceproperties)(version&gt;=6.0.0))' multiple='false' name='package' optional='false'>
      Import package com.soa.serviceproperties ;version=6.0.0
    </require>
    <require extend='false' filter='(&amp;(package=com.soa.serviceproperties.model)(version&gt;=6.0.0))' multiple='false' name='package' optional='false'>
      Import package com.soa.serviceproperties.model ;version=6.0.0
    </require>
    <require extend='false' filter='(&amp;(package=com.soa.sla.model)(version&gt;=6.0.0))' multiple='false' name='package' optional='false'>
      Import package com.soa.sla.model ;version=6.0.0
    </require>
    <require extend='false' filter='(&amp;(package=com.soa.spring)(version&gt;=6.0.0))' multiple='false' name='package' optional='false'>
      Import package com.soa.spring ;version=6.0.0
    </require>
    <require extend='false' filter='(&amp;(package=com.soa.svccontainer)(version&gt;=6.0.0))' multiple='false' name='package' optional='false'>
      Import package com.soa.svccontainer ;version=6.0.0
    </require>
    <require extend='false' filter='(&amp;(package=com.soa.svccontainer.model)(version&gt;=6.0.0))' multiple='false' name='package' optional='false'>
      Import package com.soa.svccontainer.model ;version=6.0.0
    </require>
    <require extend='false' filter='(&amp;(package=com.soa.uddi)(version&gt;=6.0.0))' multiple='false' name='package' optional='false'>
      Import package com.soa.uddi ;version=6.0.0
    </require>
    <require extend='false' filter='(&amp;(package=com.soa.uddi.dao)(version&gt;=6.0.0))' multiple='false' name='package' optional='false'>
      Import package com.soa.uddi.dao ;version=6.0.0
    </require>
    <require extend='false' filter='(&amp;(package=com.soa.wsdl)(version&gt;=6.0.0))' multiple='false' name='package' optional='false'>
      Import package com.soa.wsdl ;version=6.0.0
    </require>
    <require extend='false' filter='(&amp;(package=com.soa.wsdl.model)(version&gt;=6.0.0))' multiple='false' name='package' optional='false'>
      Import package com.soa.wsdl.model ;version=6.0.0
    </require>
    <require extend='false' filter='(&amp;(package=com.soa.wsdl.service)(version&gt;=6.0.0))' multiple='false' name='package' optional='false'>
      Import package com.soa.wsdl.service ;version=6.0.0
    </require>
    <require extend='false' filter='(&amp;(package=com.soa.wsdl2uddi)(version&gt;=6.0.0))' multiple='false' name='package' optional='false'>
      Import package com.soa.wsdl2uddi ;version=6.0.0
    </require>
    <require extend='false' filter='(&amp;(package=javax.naming)(version&gt;=0.0.0))' multiple='false' name='package' optional='false'>
      Import package javax.naming
    </require>
    <require extend='false' filter='(&amp;(package=javax.naming.directory)(version&gt;=0.0.0))' multiple='false' name='package' optional='false'>
      Import package javax.naming.directory
    </require>
    <require extend='false' filter='(&amp;(package=javax.naming.event)(version&gt;=0.0.0))' multiple='false' name='package' optional='false'>
      Import package javax.naming.event
    </require>
    <require extend='false' filter='(&amp;(package=javax.naming.ldap)(version&gt;=0.0.0))' multiple='false' name='package' optional='false'>
      Import package javax.naming.ldap
    </require>
    <require extend='false' filter='(&amp;(package=javax.security.auth)(version&gt;=0.0.0))' multiple='false' name='package' optional='false'>
      Import package javax.security.auth
    </require>
    <require extend='false' filter='(&amp;(package=javax.security.auth.callback)(version&gt;=0.0.0))' multiple='false' name='package' optional='false'>
      Import package javax.security.auth.callback
    </require>
    <require extend='false' filter='(&amp;(package=javax.security.auth.login)(version&gt;=0.0.0))' multiple='false' name='package' optional='false'>
      Import package javax.security.auth.login
    </require>
    <require extend='false' filter='(&amp;(package=javax.security.cert)(version&gt;=0.0.0))' multiple='false' name='package' optional='false'>
      Import package javax.security.cert
    </require>
    <require extend='false' filter='(&amp;(package=javax.sql)(version&gt;=0.0.0))' multiple='false' name='package' optional='false'>
      Import package javax.sql
    </require>
    <require extend='false' filter='(&amp;(package=javax.wsdl)(version&gt;=1.6.0))' multiple='false' name='package' optional='false'>
      Import package javax.wsdl ;version=1.6.0
    </require>
    <require extend='false' filter='(&amp;(package=javax.xml)(version&gt;=0.0.0))' multiple='false' name='package' optional='false'>
      Import package javax.xml
    </require>
    <require extend='false' filter='(&amp;(package=javax.xml.namespace)(version&gt;=0.0.0))' multiple='false' name='package' optional='false'>
      Import package javax.xml.namespace
    </require>
    <require extend='false' filter='(&amp;(package=javax.xml.transform)(version&gt;=0.0.0))' multiple='false' name='package' optional='false'>
      Import package javax.xml.transform
    </require>
    <require extend='false' filter='(&amp;(package=javax.xml.transform.dom)(version&gt;=0.0.0))' multiple='false' name='package' optional='false'>
      Import package javax.xml.transform.dom
    </require>
    <require extend='false' filter='(&amp;(package=javax.xml.transform.sax)(version&gt;=0.0.0))' multiple='false' name='package' optional='false'>
      Import package javax.xml.transform.sax
    </require>
    <require extend='false' filter='(&amp;(package=javax.xml.transform.stream)(version&gt;=0.0.0))' multiple='false' name='package' optional='false'>
      Import package javax.xml.transform.stream
    </require>
    <require extend='false' filter='(&amp;(package=org.eclipse.gemini.blueprint.context)(version&gt;=1.0.2))' multiple='false' name='package' optional='false'>
      Import package org.eclipse.gemini.blueprint.context ;version=1.0.2
    </require>
    <require extend='false' filter='(&amp;(package=org.osgi.framework)(version&gt;=1.3.0))' multiple='false' name='package' optional='false'>
      Import package org.osgi.framework ;version=1.3.0
    </require>
    <require extend='false' filter='(&amp;(package=org.osgi.service.cm)(version&gt;=1.3.0))' multiple='false' name='package' optional='false'>
      Import package org.osgi.service.cm ;version=1.3.0
    </require>
    <require extend='false' filter='(&amp;(package=org.quartz)(version&gt;=1.4.3))' multiple='false' name='package' optional='false'>
      Import package org.quartz ;version=1.4.3
    </require>
    <require extend='false' filter='(&amp;(package=org.quartz.utils)(version&gt;=1.4.3))' multiple='false' name='package' optional='false'>
      Import package org.quartz.utils ;version=1.4.3
    </require>
    <require extend='false' filter='(&amp;(package=org.springframework.beans.factory)(version&gt;=2.5.0))' multiple='false' name='package' optional='false'>
      Import package org.springframework.beans.factory ;version=2.5.0
    </require>
    <require extend='false' filter='(&amp;(package=org.springframework.transaction)(version&gt;=2.5.0))' multiple='false' name='package' optional='false'>
      Import package org.springframework.transaction ;version=2.5.0
    </require>
    <require extend='false' filter='(&amp;(package=org.springframework.transaction.interceptor)(version&gt;=2.5.0))' multiple='false' name='package' optional='false'>
      Import package org.springframework.transaction.interceptor
       ;version=2.5.0
    </require>
    <require extend='false' filter='(&amp;(package=org.springframework.transaction.support)(version&gt;=2.5.0))' multiple='false' name='package' optional='false'>
      Import package org.springframework.transaction.support ;version=2.5.0
    </require>
    <require extend='false' filter='(&amp;(package=org.w3c.dom)(version&gt;=0.0.0))' multiple='false' name='package' optional='false'>
      Import package org.w3c.dom
    </require>
    <require extend='false' filter='(&amp;(package=org.xml.sax)(version&gt;=0.0.0))' multiple='false' name='package' optional='false'>
      Import package org.xml.sax
    </require>
  </resource>
  <resource id='com.soa.workflow.extension/7.2.92' presentationname='SOA Software Workflow Extensions' symbolicname='com.soa.workflow.extension' uri='file:com.soa.workflow.extension_7.2.9992.jar' version='7.2.92'>
    <size>
      82740
    </size>
    <capability name='bundle'>
      <p n='manifestversion' v='2'/>
      <p n='presentationname' v='SOA Software Workflow Extensions'/>
      <p n='symbolicname' v='com.soa.workflow.extension'/>
      <p n='version' t='version' v='7.2.92'/>
    </capability>
    <capability name='package'>
      <p n='package' v='com.soa.workflow.extension'/>
      <p n='version' t='version' v='7.2.92'/>
    </capability>
    <capability name='package'>
      <p n='package' v='com.soa.workflow.extension.command'/>
      <p n='version' t='version' v='7.2.92'/>
    </capability>
    <capability name='package'>
      <p n='package' v='com.soa.workflow.extension.lib'/>
      <p n='version' t='version' v='7.2.92'/>
    </capability>
    <require extend='false' filter='(&amp;(symbolicname=com.soa.script.frameworks)(version&gt;=7.2.0))' multiple='false' name='bundle' optional='false'>
      Require Bundle com.soa.script.frameworks; 7.2.0
    </require>
    <require extend='false' filter='(&amp;(symbolicname=com.soa.container.script.repository)(version&gt;=7.2.0))' multiple='false' name='bundle' optional='false'>
      Require Bundle com.soa.container.script.repository; 7.2.0
    </require>
    <require extend='false' filter='(&amp;(symbolicname=com.soa.workflow)(version&gt;=7.2.91))' multiple='false' name='bundle' optional='false'>
      Require Bundle com.soa.workflow; 7.2.91
    </require>
    <require extend='false' filter='(&amp;(package=com.digev.fw.config.osgi)(version&gt;=6.0.0))' multiple='false' name='package' optional='false'>
      Import package com.digev.fw.config.osgi ;version=6.0.0
    </require>
    <require extend='false' filter='(&amp;(package=com.digev.fw.exception)(version&gt;=6.0.0))' multiple='false' name='package' optional='false'>
      Import package com.digev.fw.exception ;version=6.0.0
    </require>
    <require extend='false' filter='(&amp;(package=com.digev.fw.log)(version&gt;=6.0.0))' multiple='false' name='package' optional='false'>
      Import package com.digev.fw.log ;version=6.0.0
    </require>
    <require extend='false' filter='(&amp;(package=com.digev.fw.xml.util)(version&gt;=7.2.0))' multiple='false' name='package' optional='false'>
      Import package com.digev.fw.xml.util ;version=7.2.0
    </require>
    <require extend='false' filter='(&amp;(package=com.digev.rm.common.model)(version&gt;=6.0.0))' multiple='false' name='package' optional='false'>
      Import package com.digev.rm.common.model ;version=6.0.0
    </require>
    <require extend='false' filter='(&amp;(package=com.digev.rm.common.model.service)(version&gt;=6.0.0))' multiple='false' name='package' optional='false'>
      Import package com.digev.rm.common.model.service ;version=6.0.0
    </require>
    <require extend='false' filter='(&amp;(package=com.digev.rm.common.model.tmodel)(version&gt;=6.0.0))' multiple='false' name='package' optional='false'>
      Import package com.digev.rm.common.model.tmodel ;version=6.0.0
    </require>
    <require extend='false' filter='(&amp;(package=com.opensymphony.module.propertyset)(version&gt;=1.4.0))' multiple='false' name='package' optional='false'>
      Import package com.opensymphony.module.propertyset ;version=1.4.0
    </require>
    <require extend='false' filter='(&amp;(package=com.opensymphony.workflow)(version&gt;=2.9.0))' multiple='false' name='package' optional='false'>
      Import package com.opensymphony.workflow ;version=2.9.0
    </require>
    <require extend='false' filter='(&amp;(package=com.opensymphony.workflow.config)(version&gt;=2.9.0))' multiple='false' name='package' optional='false'>
      Import package com.opensymphony.workflow.config ;version=2.9.0
    </require>
    <require extend='false' filter='(&amp;(package=com.opensymphony.workflow.util)(version&gt;=2.9.0))' multiple='false' name='package' optional='false'>
      Import package com.opensymphony.workflow.util ;version=2.9.0
    </require>
    <require extend='false' filter='(&amp;(package=com.soa.alert.reporter)(version&gt;=7.2.0))' multiple='false' name='package' optional='false'>
      Import package com.soa.alert.reporter ;version=7.2.0
    </require>
    <require extend='false' filter='(&amp;(package=com.soa.alert.reporter.impl)(version&gt;=7.2.0))' multiple='false' name='package' optional='false'>
      Import package com.soa.alert.reporter.impl ;version=7.2.0
    </require>
    <require extend='false' filter='(&amp;(package=com.soa.alert.reporter.script)(version&gt;=7.2.0))' multiple='false' name='package' optional='false'>
      Import package com.soa.alert.reporter.script ;version=7.2.0
    </require>
    <require extend='false' filter='(&amp;(package=com.soa.annotations.script)(version&gt;=7.2.0))' multiple='false' name='package' optional='false'>
      Import package com.soa.annotations.script ;version=7.2.0
    </require>
    <require extend='false' filter='(&amp;(package=com.soa.container.configuration.scripting.model)(version&gt;=7.2.0))' multiple='false' name='package' optional='false'>
      Import package com.soa.container.configuration.scripting.model
       ;version=7.2.0
    </require>
    <require extend='false' filter='(&amp;(package=com.soa.container.script.repository)(version&gt;=7.2.0))' multiple='false' name='package' optional='false'>
      Import package com.soa.container.script.repository ;version=7.2.0
    </require>
    <require extend='false' filter='(&amp;(package=com.soa.contracts)(version&gt;=6.0.0))' multiple='false' name='package' optional='false'>
      Import package com.soa.contracts ;version=6.0.0
    </require>
    <require extend='false' filter='(&amp;(package=com.soa.fw.log)(version&gt;=6.0.0))' multiple='false' name='package' optional='false'>
      Import package com.soa.fw.log ;version=6.0.0
    </require>
    <require extend='false' filter='(&amp;(package=com.soa.log)(version&gt;=7.2.0))' multiple='false' name='package' optional='false'>
      Import package com.soa.log ;version=7.2.0
    </require>
    <require extend='false' filter='(&amp;(package=com.soa.message.header)(version&gt;=7.2.0))' multiple='false' name='package' optional='false'>
      Import package com.soa.message.header ;version=7.2.0
    </require>
    <require extend='false' filter='(&amp;(package=com.soa.message.script)(version&gt;=7.2.0))' multiple='false' name='package' optional='false'>
      Import package com.soa.message.script ;version=7.2.0
    </require>
    <require extend='false' filter='(&amp;(package=com.soa.messenger.wsf)(version&gt;=7.2.0))' multiple='false' name='package' optional='false'>
      Import package com.soa.messenger.wsf ;version=7.2.0
    </require>
    <require extend='false' filter='(&amp;(package=com.soa.messenger.wsf.script)(version&gt;=7.2.0))' multiple='false' name='package' optional='false'>
      Import package com.soa.messenger.wsf.script ;version=7.2.0
    </require>
    <require extend='false' filter='(&amp;(package=com.soa.migration)(version&gt;=7.0.0))' multiple='false' name='package' optional='false'>
      Import package com.soa.migration ;version=7.0.0
    </require>
    <require extend='false' filter='(&amp;(package=com.soa.migration.impl)(version&gt;=7.0.0))' multiple='false' name='package' optional='false'>
      Import package com.soa.migration.impl ;version=7.0.0
    </require>
    <require extend='false' filter='(&amp;(package=com.soa.migration.model)(version&gt;=6.0.0))' multiple='false' name='package' optional='false'>
      Import package com.soa.migration.model ;version=6.0.0
    </require>
    <require extend='false' filter='(&amp;(package=com.soa.model)(version&gt;=6.0.0))' multiple='false' name='package' optional='false'>
      Import package com.soa.model ;version=6.0.0
    </require>
    <require extend='false' filter='(&amp;(package=com.soa.organization)(version&gt;=6.0.0))' multiple='false' name='package' optional='false'>
      Import package com.soa.organization ;version=6.0.0
    </require>
    <require extend='false' filter='(&amp;(package=com.soa.organization.model)(version&gt;=6.0.0))' multiple='false' name='package' optional='false'>
      Import package com.soa.organization.model ;version=6.0.0
    </require>
    <require extend='false' filter='(&amp;(package=com.soa.scheduler)(version&gt;=6.0.0))' multiple='false' name='package' optional='false'>
      Import package com.soa.scheduler ;version=6.0.0
    </require>
    <require extend='false' filter='(&amp;(package=com.soa.script.frameworks)(version&gt;=7.0.0))' multiple='false' name='package' optional='false'>
      Import package com.soa.script.frameworks ;version=7.0.0
    </require>
    <require extend='false' filter='(&amp;(package=com.soa.security.script)(version&gt;=7.2.0))' multiple='false' name='package' optional='false'>
      Import package com.soa.security.script ;version=7.2.0
    </require>
    <require extend='false' filter='(&amp;(package=com.soa.service)(version&gt;=6.0.0))' multiple='false' name='package' optional='false'>
      Import package com.soa.service ;version=6.0.0
    </require>
    <require extend='false' filter='(&amp;(package=com.soa.service.model)(version&gt;=6.0.0))' multiple='false' name='package' optional='false'>
      Import package com.soa.service.model ;version=6.0.0
    </require>
    <require extend='false' filter='(&amp;(package=com.soa.uddi)(version&gt;=6.0.0))' multiple='false' name='package' optional='false'>
      Import package com.soa.uddi ;version=6.0.0
    </require>
    <require extend='false' filter='(&amp;(package=com.soa.workflow)(version&gt;=7.0.0))' multiple='false' name='package' optional='false'>
      Import package com.soa.workflow ;version=7.0.0
    </require>
    <require extend='false' filter='(&amp;(package=com.soa.workflow.client)(version&gt;=7.0.0))' multiple='false' name='package' optional='false'>
      Import package com.soa.workflow.client ;version=7.0.0
    </require>
    <require extend='false' filter='(&amp;(package=com.soa.workflow.engine)(version&gt;=7.0.0))' multiple='false' name='package' optional='false'>
      Import package com.soa.workflow.engine ;version=7.0.0
    </require>
    <require extend='false' filter='(&amp;(package=com.soa.workflow.engine.adaptor)(version&gt;=7.2.0))' multiple='false' name='package' optional='false'>
      Import package com.soa.workflow.engine.adaptor ;version=7.2.0
    </require>
    <require extend='false' filter='(&amp;(package=com.soa.workflow.lib)(version&gt;=6.0.0))' multiple='false' name='package' optional='false'>
      Import package com.soa.workflow.lib ;version=6.0.0
    </require>
    <require extend='false' filter='(&amp;(package=com.soa.workflow.lib.osgi)(version&gt;=6.0.0))' multiple='false' name='package' optional='false'>
      Import package com.soa.workflow.lib.osgi ;version=6.0.0
    </require>
    <require extend='false' filter='(&amp;(package=com.soa.workflow.model)(version&gt;=6.0.0))' multiple='false' name='package' optional='false'>
      Import package com.soa.workflow.model ;version=6.0.0
    </require>
    <require extend='false' filter='(&amp;(package=javax.script)(version&gt;=0.0.0))' multiple='false' name='package' optional='false'>
      Import package javax.script
    </require>
    <require extend='false' filter='(&amp;(package=javax.security.auth)(version&gt;=0.0.0))' multiple='false' name='package' optional='false'>
      Import package javax.security.auth
    </require>
    <require extend='false' filter='(&amp;(package=javax.xml.namespace)(version&gt;=0.0.0))' multiple='false' name='package' optional='false'>
      Import package javax.xml.namespace
    </require>
    <require extend='false' filter='(&amp;(package=org.apache.commons.io)(version&gt;=2.2.0))' multiple='false' name='package' optional='false'>
      Import package org.apache.commons.io ;version=2.2.0
    </require>
    <require extend='false' filter='(&amp;(package=org.eclipse.gemini.blueprint.context)(version&gt;=0.0.0))' multiple='false' name='package' optional='false'>
      Import package org.eclipse.gemini.blueprint.context
    </require>
    <require extend='false' filter='(&amp;(package=org.osgi.framework)(version&gt;=0.0.0))' multiple='false' name='package' optional='false'>
      Import package org.osgi.framework
    </require>
    <require extend='false' filter='(&amp;(package=org.springframework.beans)(version&gt;=0.0.0))' multiple='false' name='package' optional='false'>
      Import package org.springframework.beans
    </require>
    <require extend='false' filter='(&amp;(package=org.springframework.beans.factory)(version&gt;=0.0.0))' multiple='false' name='package' optional='false'>
      Import package org.springframework.beans.factory
    </require>
    <require extend='false' filter='(&amp;(package=org.springframework.context)(version&gt;=0.0.0))' multiple='false' name='package' optional='false'>
      Import package org.springframework.context
    </require>
    <require extend='false' filter='(&amp;(package=org.springframework.core)(version&gt;=0.0.0))' multiple='false' name='package' optional='false'>
      Import package org.springframework.core
    </require>
  </resource>
</repository>